Row,p_enriMat1,p_enriMat2,p_enriMat3,p_enriMat4,p_enriMat5,p_enriMat6,p_enriMat7,p_enriMat8,p_enriMat9,p_enriMat10,p_enriMat11,p_enriMat12,p_enriMat13,p_enriMat14,p_enriMat15,p_enriMat16,p_enriMat17,p_enriMat18,p_enriMat19,p_enriMat20,p_enriMat21,p_enriMat22,p_enriMat23
-1,1,1,1,1,1,1,1,1,1,1,1,1,1,1,1,1,1,1,1,1,1,1,1
-0.99,1,1,1,1,1,1,1,1,1,1,1,1,1,1,1,1,1,1,1,1,1,1,1
-0.98,1,1,1,1,1,1,1,1,1,1,1,1,1,1,1,1,1,1,1,1,1,1,1
-0.97,1,1,1,1,1,1,1,1,1,1,1,1,1,1,1,1,1,1,1,1,1,1,1
-0.96,1,1,1,1,1,1,1,1,1,1,1,1,1,1,1,1,1,1,1,1,1,1,1
-0.95,1,1,1,1,1,1,1,1,1,1,1,1,1,1,1,1,1,1,1,1,1,1,1
-0.94,1,1,1,1,1,1,1,1,1,1,1,1,1,1,1,1,1,1,1,1,1,1,1
-0.93,1,1,1,1,1,1,1,1,1,1,1,1,1,1,1,1,1,1,1,1,1,1,1
-0.92,1,1,1,1,1,1,1,1,1,1,1,1,1,1,1,1,1,1,1,1,1,1,1
-0.91,1,1,1,1,1,1,1,1,1,1,1,1,1,1,1,1,1,1,1,1,1,1,1
-0.9,1,1,1,1,1,1,1,1,1,1,1,1,1,1,1,1,1,1,1,1,1,1,1
-0.89,1,1,1,1,1,1,1,1,1,1,1,1,1,1,1,1,1,1,1,1,1,1,1
-0.88,1,1,1,1,1,1,1,1,1,1,1,1,1,1,1,1,1,1,1,1,1,1,1
-0.87,1,1,1,1,1,1,1,1,1,1,1,1,1,1,1,1,1,1,1,1,1,1,1
-0.86,1,1,1,1,1,1,1,1,1,1,1,1,1,1,1,1,1,1,1,1,1,1,1
-0.85,1,1,1,1,1,1,1,1,1,1,1,1,1,1,1,1,1,1,1,1,1,1,1
-0.84,1,1,1,1,1,1,1,1,1,1,1,1,1,1,1,1,1,1,1,1,1,1,1
-0.83,1,1,1,1,1,1,1,1,1,1,1,1,1,1,1,1,1,1,1,1,1,1,1
-0.82,1,1,1,1,1,1,1,1,1,1,1,1,1,1,1,1,1,1,1,1,1,1,1
-0.81,1,1,1,1,1,1,1,1,1,1,1,1,1,1,1,1,1,1,1,1,1,1,1
-0.8,1,1,1,1,1,1,1,1,1,1,1,1,1,1,1,1,1,1,1,1,1,1,1
-0.79,1,1,1,1,1,1,1,1,1,1,1,1,1,1,1,1,1,1,1,1,1,1,1
-0.78,1,1,1,1,1,1,1,1,1,1,1,1,1,1,1,1,1,1,1,1,1,1,1
-0.77,1,1,1,1,1,1,1,1,1,1,1,1,1,1,1,1,1,1,1,1,1,1,1
-0.76,1,1,1,1,1,1,1,1,1,1,1,1,1,1,1,1,1,1,1,1,1,1,1
-0.75,1,1,1,1,1,1,1,1,1,1,1,1,1,1,1,1,1,1,1,1,1,1,1
-0.74,1,1,1,1,1,1,1,1,1,1,1,1,1,1,1,1,1,1,1,1,1,1,1
-0.73,1,1,1,1,1,1,1,1,1,1,1,1,1,1,1,1,1,1,1,1,1,1,1
-0.72,1,1,1,1,1,1,1,1,1,1,1,1,1,1,1,1,1,1,1,1,1,1,1
-0.71,1,1,1,1,1,1,1,1,1,1,1,1,1,1,1,1,1,1,1,1,1,1,1
-0.7,1,1,1,1,1,1,1,1,1,1,1,1,1,1,1,1,1,1,1,1,1,1,1
-0.69,1,1,1,1,1,1,1,1,1,1,1,1,1,1,1,1,1,1,1,1,1,1,1
-0.68,1,1,1,1,1,1,1,1,1,1,1,1,1,1,1,1,1,1,1,1,1,1,1
-0.67,1,1,1,1,1,1,1,1,1,1,1,1,1,1,1,1,1,1,1,1,1,1,1
-0.66,1,1,1,1,1,1,1,1,1,1,1,1,1,1,1,1,1,1,1,1,1,1,1
-0.65,1,1,1,1,1,1,1,1,1,1,1,1,1,1,1,1,1,1,1,1,1,1,1
-0.64,1,1,1,1,1,1,1,1,1,1,1,1,1,1,1,1,1,1,1,1,1,1,1
-0.63,1,1,1,1,1,1,1,1,1,1,1,1,1,1,1,1,1,1,1,1,1,1,1
-0.62,1,1,1,1,1,1,1,1,1,1,1,1,1,1,1,1,1,1,1,1,1,1,1
-0.61,1,1,1,1,1,1,1,1,1,1,1,1,1,1,1,1,1,1,1,1,1,1,1
-0.6,1,1,1,1,1,1,1,1,1,1,1,1,1,1,1,1,1,1,1,1,1,1,1
-0.59,1,1,1,1,1,1,1,1,1,1,1,1,1,1,1,1,1,1,1,1,1,1,1
-0.58,1,1,1,1,1,1,1,1,1,1,1,1,1,1,1,1,1,1,1,1,1,1,1
-0.57,1,1,1,1,1,1,1,1,1,1,1,1,1,1,1,1,1,1,1,1,1,1,1
-0.56,1,1,1,1,1,1,1,1,1,1,1,1,1,1,1,1,1,1,1,1,1,1,1
-0.55,1,1,1,1,1,1,1,1,1,1,1,1,1,1,1,1,1,1,1,1,1,1,1
-0.54,1,1,1,1,1,1,1,1,1,1,1,1,1,1,1,1,1,1,1,1,1,1,1
-0.53,1,1,1,1,1,1,1,1,1,1,1,1,1,1,1,1,1,1,1,1,1,1,1
-0.52,1,1,1,1,1,1,1,1,1,1,1,1,1,1,1,1,1,1,1,1,1,1,1
-0.51,1,1,1,1,1,1,1,1,1,1,1,1,1,1,1,1,1,1,1,1,1,1,1
-0.5,1,1,1,1,1,1,1,1,1,1,1,1,1,1,1,1,1,1,1,1,1,1,1
-0.49,1,1,1,1,1,1,1,1,1,1,1,1,1,1,1,1,1,1,1,1,1,1,1
-0.48,1,1,1,1,1,1,1,1,1,1,1,1,1,1,1,1,1,1,1,1,1,1,1
-0.47,1,1,1,1,1,1,1,1,1,1,1,1,1,1,1,1,1,1,1,1,1,1,1
-0.46,1,1,1,1,1,1,1,1,1,1,1,1,1,1,1,1,1,1,1,1,1,1,1
-0.45,1,1,1,1,1,1,1,1,1,1,1,1,1,1,1,1,1,1,1,1,1,1,1
-0.44,1,1,1,1,1,1,1,1,1,1,1,1,1,1,1,1,1,1,1,1,1,1,1
-0.43,1,1,1,1,1,1,1,1,1,1,1,1,1,1,1,1,1,1,1,1,1,1,1
-0.42,1,1,1,1,1,1,1,1,1,1,1,1,1,1,1,1,1,1,1,1,1,1,1
-0.41,1,1,1,1,1,1,1,1,1,1,1,1,1,1,1,1,1,1,1,1,1,1,1
-0.4,1,1,1,1,1,1,1,1,1,1,1,1,1,1,1,1,1,1,1,1,1,1,1
-0.39,1,1,1,1,1,1,1,1,1,1,1,1,1,1,1,1,1,1,1,1,1,1,1
-0.38,1,1,1,1,1,1,1,1,1,1,1,1,1,1,1,1,1,1,1,1,1,1,1
-0.37,1,1,1,1,1,1,1,1,1,1,1,1,1,1,1,1,1,1,1,1,1,1,1
-0.36,1,1,1,1,1,1,1,1,1,1,1,1,1,1,1,1,1,1,1,1,1,1,1
-0.35,1,1,1,1,1,1,1,1,1,1,1,1,1,1,1,1,1,1,1,1,1,1,1
-0.34,1,1,1,1,1,1,1,1,1,1,1,1,1,1,1,1,1,1,1,1,1,1,1
-0.33,1,1,1,1,1,1,1,1,1,1,1,1,1,1,1,1,1,1,1,1,1,1,1
-0.32,1,1,1,1,1,1,1,1,1,1,1,1,1,1,1,1,1,1,1,1,1,1,1
-0.31,1,1,1,1,1,1,1,1,1,1,1,1,1,1,1,1,1,1,1,1,1,1,1
-0.3,1,1,1,1,1,1,1,0.727637954504457,0.727637954504457,0.727637954504457,0.727637954504457,0.727637954504457,0.727637954504457,0.727637954504457,0.727637954504457,0.727637954504457,0.727637954504457,0.727637954504457,0.727637954504457,0.727637954504457,0.727637954504457,0.727637954504457,0.727637954504457
-0.29,1,1,1,1,1,1,1,0.727637954504457,0.620659005459952,0.620659005459952,0.620659005459952,0.620659005459952,0.620659005459952,0.620659005459952,0.620659005459952,0.620659005459952,0.620659005459952,0.620659005459952,0.620659005459952,0.451532025394121,0.451532025394121,0.451532025394121,0.451532025394121
-0.28,1,1,1,1,1,1,1,0.727637954504457,0.620659005459952,0.620659005459952,0.620659005459952,0.620659005459952,0.620659005459952,0.620659005459952,0.620659005459952,0.620659005459952,0.620659005459952,0.620659005459952,0.451532025394121,0.451532025394121,0.451532025394121,0.451532025394121,0.451532025394121
-0.27,1,1,1,1,1,1,1,0.620659005459952,0.620659005459952,0.620659005459952,0.620659005459952,0.620659005459952,0.620659005459952,0.620659005459952,0.620659005459952,0.620659005459952,0.620659005459952,0.620659005459952,0.451532025394121,0.451532025394121,0.451532025394121,0.451532025394121,0.451532025394121
-0.26,1,1,1,1,1,0.941595852593387,0.941595852593387,0.894459679810268,0.620659005459952,0.620659005459952,0.620659005459952,0.620659005459952,0.620659005459952,0.620659005459952,0.620659005459952,0.620659005459952,0.620659005459952,0.620659005459952,0.451532025394121,0.451532025394121,0.451532025394121,0.451532025394121,0.451532025394121
-0.25,1,1,1,1,1,0.941595852593387,0.941595852593387,0.894459679810268,0.620659005459952,0.620659005459952,0.620659005459952,0.620659005459952,0.620659005459952,0.620659005459952,0.620659005459952,0.620659005459952,0.620659005459952,0.620659005459952,0.451532025394121,0.451532025394121,0.451532025394121,0.451532025394121,0.451532025394121
-0.24,1,0.727637954504457,1,1,0.941595852593387,0.840832468472706,0.840832468472706,0.783635356060244,0.451532025394121,0.451532025394121,0.451532025394121,0.451532025394121,0.451532025394121,0.451532025394121,0.451532025394121,0.451532025394121,0.451532025394121,0.451532025394121,0.451532025394121,0.451532025394121,0.451532025394121,0.451532025394121,0.451532025394121
-0.23,1,0.727637954504457,1,1,0.941595852593387,0.840832468472706,0.840832468472706,0.783635356060244,0.451532025394121,0.451532025394121,0.451532025394121,0.451532025394121,0.451532025394121,0.451532025394121,0.451532025394121,0.451532025394121,0.451532025394121,0.451532025394121,0.451532025394121,0.451532025394121,0.451532025394121,0.451532025394121,0.451532025394121
-0.22,1,0.727637954504457,1,1,0.840832468472706,0.840832468472706,0.840832468472706,0.783635356060244,0.451532025394121,0.451532025394121,0.451532025394121,0.451532025394121,0.451532025394121,0.451532025394121,0.451532025394121,0.451532025394121,0.451532025394121,0.451532025394121,0.451532025394121,0.451532025394121,0.451532025394121,0.451532025394121,0.451532025394121
-0.21,1,0.727637954504457,1,1,0.840832468472706,0.840832468472706,0.840832468472706,0.783635356060244,0.451532025394121,0.451532025394121,0.451532025394121,0.451532025394121,0.451532025394121,0.451532025394121,0.451532025394121,0.451532025394121,0.451532025394121,0.451532025394121,0.451532025394121,0.451532025394121,0.451532025394121,0.451532025394121,0.451532025394121
-0.2,1,0.727637954504457,1,1,0.840832468472706,0.840832468472706,0.840832468472706,0.783635356060244,0.451532025394121,0.451532025394121,0.451532025394121,0.451532025394121,0.451532025394121,0.451532025394121,0.451532025394121,0.451532025394121,0.451532025394121,0.451532025394121,0.451532025394121,0.451532025394121,0.451532025394121,0.451532025394121,0.451532025394121
-0.19,1,0.727637954504457,1,0.941595852593387,0.840832468472706,0.840832468472706,0.840832468472706,0.783635356060244,0.783635356060244,0.783635356060244,0.783635356060244,0.783635356060244,0.783635356060244,0.783635356060244,0.783635356060244,0.783635356060244,0.783635356060244,0.783635356060244,0.783635356060244,0.783635356060244,0.783635356060244,0.783635356060244,0.783635356060244
-0.18,1,0.727637954504457,1,0.941595852593387,0.840832468472706,0.840832468472706,0.840832468472706,0.783635356060244,0.783635356060244,0.783635356060244,0.783635356060244,0.783635356060244,0.783635356060244,0.783635356060244,0.783635356060244,0.783635356060244,0.783635356060244,0.783635356060244,0.783635356060244,0.783635356060244,0.783635356060244,0.783635356060244,0.783635356060244
-0.17,1,0.727637954504457,1,0.840832468472706,0.840832468472706,0.840832468472706,0.840832468472706,0.783635356060244,0.725072676580427,0.725072676580427,0.725072676580427,0.725072676580427,0.725072676580427,0.725072676580427,0.725072676580427,0.725072676580427,0.725072676580427,0.725072676580427,0.725072676580427,0.725072676580427,0.725072676580427,0.725072676580427,0.725072676580427
-0.16,1,0.529392114009837,1,0.840832468472706,0.840832468472706,0.840832468472706,0.840832468472706,0.783635356060244,0.725072676580427,0.725072676580427,0.725072676580427,0.725072676580427,0.725072676580427,0.725072676580427,0.725072676580427,0.725072676580427,0.725072676580427,0.725072676580427,0.725072676580427,0.725072676580427,0.725072676580427,0.725072676580427,0.725072676580427
-0.15,1,0.529392114009837,1,0.783635356060244,0.783635356060244,0.783635356060244,0.725072676580427,0.666779190911932,0.666779190911932,0.666779190911932,0.666779190911932,0.666779190911932,0.666779190911932,0.666779190911932,0.666779190911932,0.666779190911932,0.666779190911932,0.666779190911932,0.666779190911932,0.666779190911932,0.666779190911932,0.666779190911932,0.666779190911932
-0.14,0.853030033765686,0.451532025394121,1,0.725072676580427,0.725072676580427,0.666779190911932,0.666779190911932,0.609939596618134,0.609939596618134,0.609939596618134,0.609939596618134,0.609939596618134,0.609939596618134,0.609939596618134,0.609939596618134,0.609939596618134,0.609939596618134,0.609939596618134,0.609939596618134,0.609939596618134,0.609939596618134,0.609939596618134,0.609939596618134
-0.13,0.853030033765686,0.451532025394121,0.941595852593387,0.725072676580427,0.725072676580427,0.609939596618134,0.555385271701555,0.555385271701555,0.555385271701555,0.555385271701555,0.555385271701555,0.555385271701555,0.555385271701555,0.555385271701555,0.555385271701555,0.555385271701555,0.555385271701555,0.555385271701555,0.555385271701555,0.555385271701555,0.555385271701555,0.555385271701555,0.555385271701555
-0.12,0.853030033765686,0.451532025394121,0.941595852593387,0.725072676580427,0.666779190911932,0.409983362902323,0.455144527481278,0.409983362902323,0.455144527481278,0.409983362902323,0.409983362902323,0.409983362902323,0.409983362902323,0.409983362902323,0.409983362902323,0.409983362902323,0.409983362902323,0.409983362902323,0.409983362902323,0.409983362902323,0.409983362902323,0.409983362902323,0.368248434996007
-0.11,0.853030033765686,0.451532025394121,0.941595852593387,0.666779190911932,0.555385271701555,0.329909199328586,0.368248434996007,0.329909199328586,0.409983362902323,0.368248434996007,0.368248434996007,0.368248434996007,0.368248434996007,0.368248434996007,0.368248434996007,0.368248434996007,0.368248434996007,0.368248434996007,0.368248434996007,0.368248434996007,0.368248434996007,0.368248434996007,0.368248434996007
-0.1,0.853030033765686,0.783635356060244,0.941595852593387,0.555385271701555,0.617453466834214,0.494117972395773,0.494117972395773,0.234099551056656,0.294870139952006,0.294870139952006,0.262990486761005,0.262990486761005,0.262990486761005,0.262990486761005,0.262990486761005,0.262990486761005,0.262990486761005,0.294870139952006,0.294870139952006,0.294870139952006,0.294870139952006,0.294870139952006,0.294870139952006
-0.09,0.853030033765686,0.783635356060244,0.941595852593387,0.409983362902323,0.455873151999127,0.384848355806338,0.384848355806338,0.384848355806338,0.533967538884521,0.494117972395773,0.262990486761005,0.262990486761005,0.262990486761005,0.262990486761005,0.262990486761005,0.262990486761005,0.262990486761005,0.294870139952006,0.294870139952006,0.294870139952006,0.294870139952006,0.294870139952006,0.294870139952006
-0.08,0.727637954504457,0.725072676580427,0.840832468472706,0.294870139952006,0.35226393852053,0.293128693547484,0.293128693547484,0.42402992462993,0.521622308714128,0.48801910705478,0.521622308714128,0.521622308714128,0.521622308714128,0.521622308714128,0.521622308714128,0.521622308714128,0.521622308714128,0.556087559035291,0.556087559035291,0.556087559035291,0.556087559035291,0.556087559035291,0.556087559035291
-0.07,0.941595852593387,0.666779190911932,0.840832468472706,0.494117972395773,0.521622308714128,0.337680706050241,0.512973115150823,0.512973115150823,0.483373697356476,0.454515682060697,0.454515682060697,0.454515682060697,0.454515682060697,0.454515682060697,0.483373697356476,0.483373697356476,0.483373697356476,0.543192145877633,0.543192145877633,0.543192145877633,0.543192145877633,0.543192145877633,0.543192145877633
-0.06,0.941595852593387,0.788093412168229,0.840832468472706,0.556087559035291,0.588995344387855,0.45335043926064,0.427827197480423,0.427827197480423,0.427827197480423,0.40303133813766,0.40303133813766,0.355848572243811,0.379022269908692,0.379022269908692,0.379022269908692,0.355848572243811,0.379022269908692,0.40303133813766,0.379022269908692,0.379022269908692,0.40303133813766,0.40303133813766,0.40303133813766
-0.05,0.840832468472706,0.703530932665548,0.840832468472706,0.616991363745309,0.576602353537,0.519344618118613,0.407116022917174,0.386102579398501,0.386102579398501,0.365669589815154,0.407116022917174,0.428671716753921,0.386102579398501,0.407116022917174,0.407116022917174,0.407116022917174,0.407116022917174,0.428671716753921,0.345849476969845,0.345849476969845,0.345849476969845,0.345849476969845,0.345849476969845
-0.04,0.783635356060244,0.41940947411487,0.840832468472706,0.627883321968453,0.386102579398501,0.225884500167301,0.211520456657918,0.225884500167301,0.211520456657918,0.211520456657918,0.256699628746019,0.273155765643187,0.256699628746019,0.256699628746019,0.256699628746019,0.256699628746019,0.256699628746019,0.240942806697551,0.225884500167301,0.225884500167301,0.211520456657918,0.184842928602032,0.184842928602032
-0.03,0.783635356060244,0.178924781497492,0.840832468472706,0.340471755499297,0.139327088274419,0.120765696688435,0.139016229089556,0.159411602693576,0.159411602693576,0.159411602693576,0.170452759146871,0.159411602693576,0.148937713024154,0.148937713024154,0.159411602693576,0.242038954530126,0.215139378095151,0.228309584500941,0.271176505621735,0.256328420450273,0.256328420450273,0.242038954530126,0.242038954530126
-0.02,0.703530932665548,0.324374787484595,0.725072676580427,0.564222961747901,0.155235000724624,0.159066186653068,0.119132936690809,0.18856931118804,0.263487250087817,0.227005168200143,0.263487250087817,0.250925504835422,0.215649411405985,0.215649411405985,0.238764115888707,0.238764115888707,0.159066186653068,0.159066186653068,0.150053872774375,0.150053872774375,0.150053872774375,0.150053872774375,0.150053872774375
-0.01,0.767519636671732,0.116130535274655,0.184519546410648,0.267720301672072,0.0910453272497553,0.0576342255343589,0.0576342255343589,0.0798168809932936,0.0949908340254758,0.050680586017724,0.119767322145339,0.126701857890414,0.0894975332443918,0.0894975332443918,0.0894975332443918,0.0659476235092843,0.0541792814293232,0.0541792814293232,0.050680586017724,0.0473790434841145,0.0541792814293232,0.050680586017724,0.050680586017724
0,0.558005879774397,0.00319144649595504,0.0422410147448019,0.0199894385165585,0.0165644569816208,0.0225030784678287,0.0156340616615595,0.0121683837384002,0.0121019930899328,0.00374740904129469,0.0156340616615595,0.00624124699385293,0.0299024234857891,0.0210182597726943,0.0186870662328992,0.0210182597726943,0.00442034522964643,0.00357853181188415,0.00657151596898115,0.0369595249380684,0.0222779253703683,0.00714645060740303,0.0166288205712622
0.01,8.61139561141505e-06,1.64637896600586e-07,8.70430024186804e-09,2.17507692619801e-08,2.73937250835273e-07,3.01663937689908e-07,2.0151319223056e-07,2.73937250835273e-07,3.05704885246672e-07,5.18253157121883e-07,6.19366106005296e-07,9.49129291530788e-07,5.07797664507057e-07,4.23893420471149e-07,2.03622614757835e-07,1.36499104404525e-07,5.81416583839386e-08,1.73541896920903e-07,1.3316570546646e-08,2.58341314387264e-08,1.92521029563826e-08,1.16422938615334e-08,3.26271828158696e-09
0.02,9.84321715735194e-06,7.4695110947135e-10,4.52668508588414e-09,1.34910861986911e-07,6.23572346456225e-08,7.44100195626706e-09,5.95577746593116e-09,2.09018334761088e-09,4.98780134974926e-09,4.98780134974926e-09,6.51513851865802e-09,6.21919954367311e-09,1.03520535872517e-08,2.16415270537457e-08,7.27258912237476e-09,4.34198158893992e-09,7.59365360207115e-09,4.96737055606101e-09,3.4582643568001e-09,6.49238573997486e-09,1.68038284142634e-09,4.23652347966871e-09,3.95982254985465e-09
0.03,1.05268360589215e-05,7.5019396568679e-10,7.2313109972434e-09,2.61479199061387e-07,1.57557205528428e-07,1.79660218049782e-08,5.08677857982247e-09,3.10882503791524e-10,2.95557359844973e-10,9.85942514502825e-11,5.89803833716333e-10,1.92738236588204e-10,6.65358279539074e-10,6.52857469971185e-10,7.78740127071664e-10,3.72755752102444e-10,1.88775676984411e-10,1.28941914107123e-10,2.38795674768751e-10,1.19942084817683e-10,4.11911082131814e-11,9.69997591864944e-11,8.38298555438617e-11
0.04,1.9950083678546e-06,1.03620036341081e-08,3.7299143392365e-09,2.91227772744871e-07,6.75124405472099e-08,7.11704589977607e-10,7.30950015213687e-10,2.32789176194487e-10,6.91171578182793e-10,1.69506187493108e-08,2.50868220716823e-09,2.03148728073294e-09,3.7336887741397e-09,8.32461476997583e-09,1.64254220151287e-09,6.45107866574061e-10,4.89017001808305e-10,1.00249973072141e-10,2.8318727822152e-10,1.96273584071252e-10,5.17340716512934e-10,4.44139071762492e-10,9.61804738865503e-10
0.05,1.06631798127288e-05,4.15269501204747e-11,2.84715062481454e-08,6.34029120977566e-08,4.65070815874708e-09,8.24143219362423e-11,1.42989416740547e-10,3.29929631648994e-11,2.25715489648848e-11,3.58658945245697e-11,6.48936151171545e-11,4.46765568599342e-11,9.30899408214148e-11,1.80034333855516e-10,8.7418543480431e-11,6.03549258468458e-11,5.16927897849607e-11,1.55581451143031e-11,1.69429060157102e-11,1.06933307745324e-11,4.71470485177897e-12,1.74627723930506e-11,3.15943598301034e-11
0.06,2.04404562485317e-06,1.9618326866574e-11,2.91170922126121e-09,4.75042419690021e-09,3.03711443566192e-09,3.97349628023836e-11,1.39435354989165e-12,9.20152388665081e-12,1.44329188477525e-11,5.38551918087045e-12,5.04099254939901e-12,1.68556117922929e-12,1.07963673080343e-11,5.41369292530231e-12,1.07963673080343e-11,2.49925871635534e-12,2.12846384501511e-12,1.12576776553367e-12,1.31694934144752e-12,2.28635772860339e-12,5.44899250509036e-13,1.09356086893338e-12,1.89039013934132e-12
0.07,2.04529737112648e-07,1.15655049709207e-10,1.24608406664486e-10,7.08596240434969e-10,6.65056990186231e-10,3.90157369144982e-11,2.17575389585868e-11,6.53153914995526e-11,1.54136115193488e-10,3.9266054129295e-11,1.74367934533407e-11,1.10799484022673e-12,2.82886867285736e-12,4.15307473565285e-12,9.58714841139048e-12,5.43561814263016e-13,2.85436105720194e-13,2.37197466615162e-14,2.36217471325286e-14,1.01698443561352e-14,7.71049822271324e-14,6.87736626506426e-13,8.02112991464668e-13
0.08,3.29879362160424e-05,2.56113010383884e-09,1.14781814302267e-08,8.13569481924242e-09,7.07692370258252e-09,1.76792682297449e-09,1.64668408305913e-09,1.42698191425682e-09,3.16838619113392e-09,6.37861227004681e-10,1.80278414748325e-10,7.22631873305583e-11,3.17883637290959e-10,3.19413295916432e-10,2.57708807910207e-10,8.34750539313062e-11,9.63805742188402e-11,1.35994661815802e-11,2.37261357960266e-12,1.60726352681361e-12,1.08953697583559e-12,2.58093741790231e-12,8.1127964703574e-12
0.09,5.35575450128913e-05,1.13091754674808e-09,8.29780435579633e-09,5.38776622026178e-09,2.92279748120672e-09,4.96573190633996e-10,5.62464406694732e-10,9.37457127028185e-10,5.50360736424957e-10,4.14028395442216e-10,1.35023678337907e-09,9.79109505242548e-10,1.05677339182825e-09,1.48151134835157e-09,4.80062073469347e-09,2.17745772098313e-09,1.45699339364503e-09,3.52422489254821e-11,2.24392313970783e-11,3.43995830586821e-11,3.22240913582834e-11,7.0492004327904e-12,4.45646011772056e-12
0.1,9.83422697918545e-06,1.07888844151385e-09,7.83970322484895e-10,1.67845595610082e-09,1.60963757302166e-09,1.88190037789812e-10,1.72163814779039e-10,3.8170846038722e-10,4.93874733644283e-10,5.61282355919432e-10,3.97697084576922e-09,2.04913335110788e-09,5.88576781923107e-09,2.11718859175564e-09,1.98024642695418e-09,1.09062334792896e-09,1.98024642695418e-09,2.17615261422083e-10,6.90919320477394e-11,1.29386972878548e-10,1.84856379705575e-10,2.24573802341041e-11,6.63308195374891e-11
0.11,9.52073555042609e-06,3.7232693452985e-10,1.39956608360156e-09,1.6574808229211e-08,2.33361191635199e-09,5.82024988109213e-10,1.23481033187819e-10,1.17363203235204e-10,1.94599979414077e-11,6.10806435977614e-11,9.88764934273871e-11,5.13788906532553e-10,6.87065236343257e-10,4.2824693588295e-10,6.49700999184206e-10,4.59196414223913e-10,4.2824693588295e-10,4.23100692781831e-11,1.31704520487076e-11,3.34166053423812e-11,3.59870732488975e-11,1.99939401442982e-12,1.50119302543002e-12
0.12,2.89597370321498e-05,1.18208489519862e-10,5.03680184851348e-09,4.42829705681774e-07,3.07757439340885e-08,3.37713461116348e-10,2.21080659376413e-09,1.7764203522662e-11,1.25755433272019e-11,5.56757443878022e-11,1.34321095668561e-10,1.19202523788639e-09,2.74704900736593e-10,7.3437548432312e-11,1.31303256128538e-10,1.60333911223167e-10,2.90101126676082e-10,6.3621404181077e-12,8.50157989856325e-12,2.04300358819673e-11,9.17929461947914e-12,1.64232129768604e-12,2.80166412867651e-12
0.13,1.93789800192444e-05,4.7544322202772e-10,4.14460273587641e-09,4.45221703738716e-07,7.15309909841496e-08,1.29661190309648e-09,6.07310692982015e-09,1.8917505068806e-09,2.75919682296451e-10,1.41979718535079e-10,9.85772247433191e-10,1.29804773100868e-09,5.10052324936718e-10,8.31129915047757e-10,5.67680348042026e-10,5.19651563669217e-10,5.36905592899517e-10,2.11411619966467e-11,2.02559338085372e-10,1.94644322727274e-10,9.30298708661231e-11,2.15773726192767e-11,6.22972911040067e-11
0.14,1.9610513552583e-05,5.27024826630104e-10,3.34656662173518e-09,1.71735950781811e-06,1.99844955543385e-07,7.38808572919918e-09,2.4826744822121e-08,6.60562652506538e-09,1.0669544081638e-10,1.18346831490852e-10,2.9869669899775e-10,7.53949098414317e-10,3.1398812509901e-10,8.48731162746548e-10,9.48840793244401e-10,9.49375914653865e-09,1.82411143840789e-09,1.00705612919744e-10,3.99778880895639e-10,6.14115146567472e-10,3.00528854340148e-10,1.80499429758007e-10,1.67879488022984e-10
0.15,3.23193903968532e-05,9.41767777352959e-11,3.15036782085151e-09,7.36595900241203e-07,4.6161038258505e-07,2.1835363523593e-09,6.23675584742769e-09,1.48491829380155e-09,1.45899700174356e-10,5.45726809036554e-11,1.42869954944596e-10,8.56488446592475e-10,4.42956787304561e-10,1.1861121454395e-09,2.15564077429987e-09,6.33734262772508e-09,8.55724260105507e-10,1.03807376867324e-10,6.61419188193166e-10,6.76122652683526e-10,1.69272757580817e-10,3.49040806084747e-10,4.86939240213148e-10
0.16,4.83055427509799e-06,8.5002486896608e-11,7.22350483311801e-10,1.15056659528931e-07,1.3459148651119e-07,7.80242333876422e-09,4.19100104880932e-08,1.42688008923288e-09,1.1461172842796e-10,9.41802116901172e-12,3.19702785016134e-11,1.99433004461564e-10,2.66734082641581e-10,5.06759152306871e-10,4.00627328283697e-10,1.99790615898449e-09,2.58191344546949e-10,2.23203510049538e-10,1.74373111957952e-10,2.2737261894641e-10,2.20466018880973e-11,8.864816631338e-11,1.09909716997343e-10
0.17,2.74799905988214e-06,6.21754420060042e-11,1.24169036214138e-09,5.5053759255517e-08,5.93928005140206e-08,1.56216349324863e-09,1.36161658377172e-09,2.41717824157464e-10,2.54288810314499e-11,4.94808769149901e-12,7.62918821063887e-12,5.60489694724557e-11,2.55932211731213e-10,3.48166556317901e-10,1.94310814341309e-10,1.49129367294602e-09,2.72302620516377e-10,2.03229667139631e-10,1.12454673814058e-10,1.58274367063243e-10,1.01492158840727e-11,1.47786631405041e-11,1.57305918838434e-11
0.18,2.33207863775537e-06,6.85506167534712e-11,4.75320754134728e-10,7.5325337118958e-09,2.43086901818029e-08,1.81517465560366e-10,5.03416108808155e-10,6.74656502296929e-11,4.98620044137564e-11,4.349848794794e-11,6.11065916132032e-12,7.05694750019116e-11,2.42645467046697e-10,1.75439473349168e-10,5.16084279862242e-10,8.63387225397392e-10,1.17313261102732e-10,8.79237340386577e-11,1.80928809117896e-11,4.99965735638541e-11,2.67145943417143e-11,9.43593440060903e-12,8.13464255821676e-12
0.19,1.09854355388702e-06,1.71248657396169e-11,4.00627328283697e-10,4.86939240213148e-10,8.43222392100857e-09,1.18527549145728e-11,1.26707417377069e-10,8.71657002393691e-12,6.56077949938594e-12,4.63091478511241e-11,1.17895450462288e-11,2.60673484690122e-11,1.51892598217592e-10,1.01011187359954e-10,1.32038378536886e-10,1.72314962432401e-10,3.87344621093724e-11,6.23782086054069e-11,2.16987917676044e-11,1.06581382165125e-11,2.16987917676044e-11,1.39237203303895e-11,7.69578982999861e-12
0.2,1.23158581328258e-06,1.14660696466813e-11,2.70281136692607e-10,2.86749215264457e-10,2.7990935212364e-09,1.95225786316144e-11,3.88612045449358e-11,6.51050777354893e-12,6.00785586321367e-12,3.0028704577778e-11,3.95272105921091e-11,8.11369563546457e-12,3.50878756494215e-11,2.67739516719872e-11,6.05888500731542e-11,8.61433333178058e-11,2.80048583364458e-11,1.43182355423552e-11,1.37473365744255e-11,5.44072138199651e-12,2.69651888208964e-11,1.88325537924772e-11,1.48871087213015e-11
0.21,2.46896855375482e-06,1.64718659549124e-12,2.31411214686012e-10,7.22471245989529e-11,7.70141359041192e-10,1.7906765212666e-11,3.87344621093724e-11,2.02240362395399e-12,3.75251887947662e-13,8.06531990306958e-13,1.68075383574182e-11,1.17810889466554e-12,4.43557260076767e-12,3.46956972446181e-12,2.60022216876072e-12,2.29093321483426e-12,1.70790964727897e-12,1.70062123381673e-12,6.34517293831838e-12,9.90919960667205e-12,6.62407639717371e-12,3.4576733639762e-12,4.98299782400814e-12
0.22,1.34723251753926e-06,2.58261378876813e-12,5.23772282779408e-10,7.17284348114198e-11,1.53251637830939e-10,8.27796917275898e-12,3.81166015155148e-11,4.44271945763834e-13,1.12564614679399e-12,1.92373030094608e-12,7.76442416536944e-12,1.16034260242632e-12,2.79383372634576e-12,2.07985928885511e-12,6.38845001958685e-13,1.01027879604144e-12,4.44119605949398e-13,2.73193977438945e-13,3.21327164378336e-13,8.13700757941441e-13,6.9397209505126e-13,6.44569401110814e-13,4.78881450045246e-13
0.23,1.18032966877804e-07,1.05874997341868e-13,9.07709994991984e-11,3.08470118048028e-11,2.23041771505118e-11,8.05531137776007e-13,8.49688170107337e-12,1.68216430750859e-13,1.22961771779274e-13,1.23291875820517e-12,1.51710092232616e-12,3.01761919399253e-13,4.84352006360744e-13,8.43681850505811e-13,8.04029354459198e-13,4.9706564914683e-13,2.03748130973774e-13,8.32868013441132e-14,5.29286539836032e-14,2.03756938177249e-13,2.35059139248998e-13,3.23180201961379e-13,3.85325039046186e-13
0.24,2.77293132927718e-08,4.4951413794236e-14,1.68836343268155e-11,3.38604203745857e-12,6.621792883662e-12,2.2342479769248e-13,4.7721403427252e-12,1.31436092580088e-13,3.97171273112928e-13,1.34364964525089e-12,2.1317132672286e-12,1.57119956856212e-12,6.50581639355514e-13,3.0081707390127e-13,2.6139506338804e-13,4.08165910513947e-14,3.6375972002056e-14,1.52277594221229e-14,5.91722962416353e-15,3.34405497205569e-14,2.15665474799135e-14,1.04543601406255e-14,9.19469263240953e-15
0.25,1.40128940625871e-08,2.95034394887245e-13,1.78880972561141e-11,1.72467475154755e-11,7.23042445281186e-12,8.3106950030181e-13,1.14531570325041e-11,1.45065289471185e-13,5.96435250764822e-13,4.0084421131435e-12,1.96618743797107e-12,1.15233993654173e-12,8.02511924248845e-13,2.60885359438794e-13,2.46971140465208e-13,1.97500853429722e-14,1.31456120781315e-14,2.56325566022238e-15,8.14235560707582e-15,5.35831241925965e-14,1.15729428183106e-14,2.87992323536388e-14,1.31247700302624e-14
0.26,3.63117615204229e-08,1.33115922380875e-13,2.27758098186901e-11,1.26208733090635e-11,2.30470960676138e-11,4.07165227037281e-13,3.04728362429467e-11,2.38680164914156e-13,4.11743182175611e-13,9.80311870149286e-13,1.10480605360407e-12,7.78864415246756e-13,1.1409292521487e-12,3.18918007567967e-13,3.71936479339098e-13,4.59212924820082e-14,1.85372475977811e-14,3.98732459426098e-15,6.8641373120632e-15,1.33213624022987e-14,1.56774531194764e-14,1.03870754790618e-14,7.06332476609969e-15
0.27,1.99227232310059e-08,2.05593979757327e-13,1.26637500039407e-11,1.68075383574182e-11,7.99593638719337e-11,2.78148756686153e-12,5.58789957929067e-11,1.98103466867704e-12,3.8401638457503e-13,2.24678474056116e-12,2.13369031709703e-12,3.69002057198791e-12,1.299525800261e-12,3.13479728952952e-13,9.87942880345241e-14,5.30722205743304e-14,7.68081988239629e-15,8.32709400396436e-15,5.63661919107671e-15,1.20463030140194e-14,2.6001985761777e-14,1.56831467177027e-14,3.12224133320202e-15
0.28,7.15393655378812e-09,1.13893916608614e-13,1.61452025661782e-11,4.80499602481853e-12,8.19246810590105e-12,4.81204079677598e-12,3.48430754852463e-11,6.86351935117337e-12,2.19104830942153e-12,5.67696552396965e-12,2.32697755806758e-12,1.292961895777e-12,7.84327338134239e-13,9.63728709680601e-13,2.82768194395011e-13,8.51569098253959e-14,2.73862580390751e-14,1.46695941329892e-14,9.00966297907924e-15,2.10827526585702e-14,6.80817026117113e-14,5.63210791444159e-14,1.73674133944742e-14
0.29,5.19425032451329e-09,1.76614186727581e-13,6.66119695618636e-12,2.00053088145731e-12,1.00219862179683e-12,1.99760112545178e-12,1.03400757975588e-11,2.4687777155354e-12,6.02881555443551e-13,5.63147926381815e-13,5.57532656330644e-13,5.02400649892267e-13,4.35868525573514e-13,4.58660569781322e-13,1.44316421772671e-13,3.32603949866568e-14,1.11567028240492e-14,1.56480019926049e-14,6.30240360142691e-15,1.48100622877171e-14,5.88140697020105e-14,5.34414455103594e-14,1.84029098671538e-14
0.3,6.17096874055452e-09,1.22716370625105e-13,4.58976906288679e-12,1.74558498414154e-12,2.06898277360636e-12,1.61435367203327e-12,2.75293201306871e-12,2.07298348390288e-12,2.98493825486274e-13,1.31741780236199e-12,1.04208286293351e-13,5.41229203655147e-13,2.41209352440452e-13,4.94000781483453e-13,2.30839797498892e-13,2.93208253760455e-14,6.43743948807899e-15,3.71511646291628e-14,2.8354489959749e-14,2.89410929526936e-14,6.90626793898961e-14,2.89410929526936e-14,1.77332098225015e-14
0.31,2.71236725258493e-09,1.53064547313816e-14,8.19536499195201e-13,7.02669888712683e-13,8.58801938910903e-13,7.41095299651862e-13,3.48798147364299e-12,1.3287788363467e-12,4.35868525573514e-13,7.78413734853182e-13,4.64391262174501e-14,4.96171889479316e-14,1.31496617890271e-13,3.93050686381827e-13,1.82271072780803e-13,1.77332098225015e-14,4.22568538568817e-15,4.46642093400459e-15,7.64563089787761e-14,1.25909986932383e-13,2.74010663055927e-13,8.58271838480109e-14,4.80256578545974e-14
0.32,3.08913782432394e-09,1.40324320228996e-13,9.19118887186546e-13,5.2744062523622e-13,2.42911330754202e-12,9.70079849375336e-13,5.06205032246508e-12,1.30212327167511e-12,3.12088744783365e-13,1.19641021169159e-13,2.89410929526936e-14,2.2244830994236e-13,2.2244830994236e-13,3.85329657272364e-13,1.21175315825917e-13,2.99795622889563e-14,7.93505202962852e-15,4.93901672985155e-15,3.60034503849146e-14,1.76677650355083e-14,3.60034503849146e-14,2.45866158683965e-14,1.48961167895413e-14
0.33,1.52549303489266e-09,3.24861332097476e-14,2.2914241250021e-13,1.7996848417228e-13,2.69727973840071e-13,7.35137826338647e-14,8.42479196157448e-13,2.71838618826823e-13,2.6508485353767e-13,6.8086320516254e-14,7.94429619836312e-14,1.49500768170655e-13,3.64430674691583e-13,3.12956311321311e-13,2.63411246936289e-13,7.39526355389907e-14,2.95360943412389e-14,5.15152156793848e-14,1.07086864901204e-13,7.98194172461787e-14,1.76723049341649e-13,1.08657634618873e-13,7.33662066639486e-14
0.34,1.0597034409484e-09,9.22141584876153e-15,2.56109953079689e-13,4.37315834190233e-14,7.02075565144616e-14,1.30303689709014e-13,2.71133409177184e-13,4.17975486124531e-14,2.34521433875975e-13,2.15171322782566e-14,5.15980436832565e-14,7.27540882052558e-14,4.30508579473929e-13,7.25486085206035e-13,7.50175336826822e-13,2.63849754848034e-13,1.45566775096311e-13,3.67850329614764e-13,1.4896927975414e-12,2.83347970704752e-13,3.78378783015304e-13,3.83554438034479e-13,2.60585514682712e-13
0.35,6.52310121106042e-10,9.65739517582534e-15,1.19349784245337e-13,4.41304565375041e-14,2.44248538535347e-13,4.08208304487647e-13,1.00324089601124e-12,4.03421648125688e-14,2.10603392318321e-13,1.3784262620793e-14,9.13368087571884e-14,3.14700262035713e-13,2.11096746648104e-13,2.17629718532761e-13,3.34194567910276e-13,1.04004208996646e-13,9.30356202446664e-14,1.23480650022064e-12,7.90360365744071e-13,1.99360871602683e-13,9.55933054737169e-13,4.44494507794394e-13,2.03954744500402e-13
0.36,1.47319263957168e-09,1.16075502496235e-14,5.10375263586992e-13,3.2628633466995e-14,9.59934662845952e-14,8.52063445739833e-13,3.50379066326456e-13,5.39227408128184e-14,3.84459464452266e-14,1.02290084867419e-13,7.86665719303861e-14,3.34194567910276e-13,1.67459713626079e-13,3.12088432971774e-13,5.70493559421406e-13,4.39060337682124e-13,1.61928633766835e-13,1.43267301803556e-12,1.4694067473903e-12,2.76679300238867e-13,9.92917848886445e-13,1.24442718684152e-12,3.50846662208199e-13
0.37,7.74073352049187e-10,7.27353190344956e-15,2.06602363874481e-13,2.8706596745322e-14,1.28218184590952e-13,5.81498624064106e-13,2.07064627311372e-12,1.27918129369075e-13,1.22215196411528e-13,1.32073526491773e-13,6.73789876815626e-14,1.76459476219679e-13,8.74722467400911e-14,9.77221818991824e-14,1.09139749674508e-13,6.12319845494023e-14,1.0099089532623e-13,5.12620388356675e-13,5.18100151426192e-13,1.04008544595363e-13,5.70831143323273e-13,6.41973553506214e-13,1.45343119478632e-13
0.38,5.57135985235785e-10,1.7419934741726e-14,6.260135783896e-13,6.82135577559791e-14,5.9286555842174e-13,3.58251601587753e-13,4.3146838005263e-12,1.82728218685352e-13,1.08657634618873e-13,9.42384263482714e-14,4.34636474346072e-14,1.69286454137755e-13,4.12402051306946e-14,8.51204082934239e-14,9.49412592364257e-14,5.21844156347221e-14,1.95979755222265e-13,6.60433401242586e-13,4.46666188381243e-13,1.99218500433906e-13,2.98691344135338e-13,6.04257553076816e-13,1.6656075735439e-13
0.39,3.10404518429712e-10,1.99887263656978e-14,1.98103466867704e-12,3.71428652878156e-13,1.12452026659682e-12,2.83118122169244e-12,1.06071019915845e-11,1.51450060422958e-12,1.04004208996646e-13,7.33148427607707e-14,1.3746277458029e-13,1.29322751526606e-13,1.18006226825146e-13,2.68354006012771e-13,2.00739377460507e-13,2.76516127982511e-13,1.00780453244671e-12,2.23339325334226e-12,2.47765888511519e-12,8.41796909643174e-13,3.77554260846111e-13,3.43900443137129e-13,1.13343986027794e-13
0.4,7.6487342590852e-10,4.67816298963016e-14,2.90857202798868e-12,5.1459748501601e-13,1.05192654766874e-12,2.30376478303173e-12,2.4036647050786e-11,2.09358237519937e-11,1.09206872961707e-12,1.0393625115537e-12,1.59250559392731e-13,1.81655468553053e-13,2.74614949641195e-13,4.14107785414187e-13,4.60281379260815e-13,5.71618462014814e-13,8.52873641308564e-13,2.80744216828076e-12,3.7682731819283e-12,3.40121898615454e-12,2.30037396128753e-12,1.57039545943139e-12,8.71342017011258e-13
0.41,1.59623827529176e-09,4.63385701562118e-12,9.67813321899337e-12,2.81459519261236e-12,2.0188599357431e-12,7.76014962934554e-12,3.87838641657795e-10,2.71132597574161e-10,3.07541980998428e-11,5.0340524481629e-12,1.09164595676242e-12,2.99921396968899e-12,5.96759279492102e-12,3.37716517411668e-12,8.04191666330837e-12,3.14832168615043e-12,6.84970415588788e-12,1.97691363372136e-11,5.5187963015373e-11,3.16295747769278e-11,1.48425464439778e-11,2.62936554633461e-11,1.50231845766723e-11
0.42,2.73982416597495e-09,8.359790953477e-12,1.25126219716208e-11,5.54248625822415e-12,7.81767554875482e-12,1.32861478942904e-11,3.19889429261155e-10,4.03931798906454e-10,8.0601753347238e-11,2.3422227608688e-11,1.13714541364136e-11,1.55679825787877e-11,4.03253328230843e-11,3.74368175770363e-11,4.96064663236236e-11,7.70225755007309e-12,5.27002459208131e-12,2.7063987381366e-11,6.25558111941101e-11,6.29230487955084e-11,3.57837151372257e-11,5.70773513832405e-11,6.29230487955084e-11
0.43,1.39948990158116e-09,6.081773656695e-11,7.7656826606452e-12,3.7582530487413e-12,2.73229408730196e-12,1.67418782363321e-11,1.55572164149768e-10,2.97379212504708e-10,2.05047970033927e-10,1.24772539887946e-10,3.88259187230047e-11,2.798633733049e-11,4.35066530864915e-10,1.66158602784327e-10,1.27198073503456e-10,7.55547735326882e-11,2.26842788352073e-13,2.39325405799708e-12,6.49458081966536e-12,3.97116016670915e-10,1.33406467834852e-10,4.33696020772127e-10,2.76816007896508e-10
0.44,4.92976164924802e-10,9.89630602128404e-11,3.80032087973764e-12,2.26148986298197e-12,2.41187141916404e-12,1.45337668412587e-11,9.461633349187e-11,1.52176307504039e-10,7.26672405061695e-11,1.05841505231637e-10,2.29025836161121e-11,1.34276428473842e-11,2.00040239306296e-10,1.86017291940118e-10,1.5562774425375e-10,3.81774007711077e-13,3.30836351442877e-13,1.39369416839277e-12,6.99850215518996e-12,3.09591402194589e-10,3.3668518223022e-10,7.53247311565629e-10,4.41903645517207e-10
0.45,2.40866836304323e-10,7.05970346072009e-11,2.31682492446701e-12,1.51160577973904e-12,1.05362477323237e-12,8.65026203146724e-12,1.3970282149014e-10,1.18848240463226e-10,2.95834400839299e-11,9.89630602128404e-11,1.3336785048992e-11,5.72487791326198e-12,7.46003362165762e-11,6.29230487955084e-11,9.11994500092381e-11,1.43038318004081e-13,4.42597879073589e-13,1.50914810822912e-12,7.60847044002724e-12,2.29851137966857e-11,1.37108875586118e-10,2.85665198035523e-10,2.61042807973988e-10
0.46,2.42825233853387e-10,4.13434723969175e-11,1.402242012155e-12,1.44322247786727e-12,8.23948324783443e-13,5.67679931825746e-12,1.2113293037112e-10,6.57520071973234e-11,1.44254243468369e-11,1.77682529717774e-11,4.31007476454703e-12,8.61836603396046e-12,2.99903739751078e-11,3.02269737758636e-11,1.23095950368497e-10,3.93790855326711e-13,9.14129168929709e-11,4.13343690804836e-10,1.03879207601016e-09,4.54257097910288e-13,1.38624523073678e-10,2.00670908148532e-10,1.83096173597586e-10
0.47,1.52915312749958e-10,1.37472597716587e-11,1.76496498486308e-12,3.37289358440268e-13,5.74566704244816e-13,7.01740055159636e-12,9.470616734337e-11,4.29219260722332e-11,5.69462354173519e-12,4.29117371245375e-12,1.33395217421143e-12,3.61213915652664e-12,2.07216000630086e-11,2.08225035726064e-11,2.58764832469436e-10,1.48214137303858e-10,5.50798385285191e-11,7.81634058475773e-10,6.48551562024942e-10,5.40736672616415e-13,7.22389736617282e-11,1.3921920700587e-10,1.2685166316975e-10
0.48,3.04088483112393e-09,2.48607401404026e-11,9.88987502814461e-12,2.27918149214686e-12,3.37819130539111e-12,1.5331133829408e-11,9.0285095285913e-11,6.39421813237541e-11,1.51060338270412e-11,1.14301269471829e-11,2.27808675793803e-11,8.56748564878358e-11,1.03376386069429e-10,1.80956599074541e-10,8.41534332755154e-10,1.24416147280003e-09,4.45035309183538e-10,1.92551872618293e-09,1.60256185351927e-09,1.33229225221384e-09,6.63826147968554e-10,1.13642809255035e-09,7.95837003533818e-10
0.49,9.58563604003946e-10,1.88899860890315e-11,1.26639260590688e-11,1.39102960553008e-12,1.84811422217837e-12,2.35285299605418e-11,4.97878515033195e-12,1.64022647075997e-11,1.5440357339514e-11,1.55345277988263e-11,2.52817208750893e-11,2.39363129638685e-10,1.25833025208449e-10,3.17168025949118e-10,8.5715316605851e-10,2.7787652798063e-09,1.74886190160507e-09,2.71302309011805e-09,2.48825969273466e-09,5.58450251981142e-10,4.22711471873679e-10,7.30212470192414e-10,4.63262564633641e-10
0.5,5.53451617536623e-10,2.53178875913251e-11,7.10066440594154e-12,5.0623516843766e-13,5.45568324843043e-13,1.57403910801875e-11,9.21374223101129e-12,1.69130681319299e-11,5.91671401640883e-12,1.90074843770763e-11,3.71885589985769e-11,5.97984313003859e-11,7.22373967392027e-11,6.05530819709573e-10,1.48063916556451e-09,8.00258300931874e-09,1.74085134178678e-08,6.02556392893696e-09,3.20440410698359e-09,5.42536819743353e-10,4.21694249104877e-10,3.84435698821435e-10,2.4174337858706e-10
0.51,2.38696580428607e-10,1.14738316798065e-10,2.78942556625454e-11,1.07570244145443e-12,2.71371277742167e-12,4.27780732366118e-10,2.41174710966139e-11,1.87908027097289e-11,3.2635206579669e-12,1.56325094243984e-11,2.52816801923146e-11,3.69971350658282e-11,9.57455988180374e-11,1.7807766348089e-09,1.78513302504069e-09,9.45243668211287e-09,7.17958106331399e-09,5.92934458953541e-09,2.86166055730817e-09,5.18263322765095e-10,1.34631941257701e-10,2.88280723050081e-10,1.80297195205191e-10
0.52,9.86666805134245e-11,1.15360766112284e-10,9.30722487074311e-11,7.57039868570975e-12,2.86546356395936e-12,8.12306573035817e-10,3.24349112809931e-11,3.69191153770287e-11,5.89400615691204e-12,5.43865351412614e-11,4.07369519927469e-11,3.66940920750054e-11,1.15230260435669e-10,3.6180842686326e-09,3.96563459733291e-09,7.14486106967936e-09,7.73553441966481e-09,1.30401213370546e-08,5.81130122213513e-09,1.07555773848082e-09,7.18106931459394e-10,7.90487829368627e-10,7.90487829368627e-10
0.53,6.53487030237648e-11,1.26871349762712e-10,2.87030776745617e-11,8.91659719017193e-13,1.36921642486497e-12,1.11391982085931e-10,1.85890975683311e-11,1.72458859329305e-11,5.84948038623083e-12,1.05202679632649e-10,7.98377180665515e-10,1.23372080760557e-11,2.2102736044647e-10,3.33771885861366e-09,3.98076975400353e-09,5.85305402477776e-09,9.04029937010877e-09,1.17793661191567e-08,4.75378591381876e-09,1.52577393366261e-09,1.12749192255783e-09,2.135545218336e-09,2.135545218336e-09
0.54,1.60256185351927e-09,4.01389511509847e-11,4.30612747574567e-11,4.22139770238852e-13,1.39892364765157e-12,1.04636744906941e-10,1.88899860890315e-11,7.92358350428158e-11,4.48434319143505e-11,3.85697427944742e-10,1.25623331735716e-09,5.18518335361226e-11,1.14667399468432e-09,1.23231457009482e-08,1.1336410449957e-08,8.83597591480551e-09,1.78479044195892e-08,4.51838921439948e-09,4.11078504201052e-09,1.88002670280572e-09,2.7394102353489e-09,3.0122811088665e-09,3.60884058172913e-09
0.55,1.20024471651166e-09,2.43165906247253e-11,6.30251341502984e-11,7.07215231810983e-13,7.85628491742717e-13,4.28042355036269e-11,1.56503195747801e-11,1.67564487499499e-10,2.92531819097183e-10,2.78673788067756e-09,3.34539207610128e-09,9.50302542073361e-10,6.74782577090079e-09,1.13515138042549e-08,2.44632244989256e-08,3.28825186695037e-08,2.47983633690365e-08,5.2009919457617e-09,4.29792744551013e-09,3.85000657215727e-09,2.24240854693818e-10,1.23357626995607e-08,4.67805305417051e-09
0.56,4.22168226659022e-10,2.61143619596653e-11,2.26376254547264e-11,2.11324763140633e-12,4.35098496025451e-13,2.05115442743277e-11,8.74105921228473e-12,1.52966030498047e-10,5.06999471485582e-10,1.79761840084317e-09,8.74025308809811e-09,3.98844064481139e-09,8.76829459138497e-09,1.35081280844098e-08,2.67326375632146e-08,2.96692120051195e-08,1.18238523231118e-08,4.66509787302701e-09,4.23869007873725e-09,2.57000179530016e-09,1.31720347809536e-11,3.79918672849189e-11,1.80432523540237e-11
0.57,6.64412611663366e-10,1.95481239905819e-10,4.38990240458862e-11,2.15565475889546e-12,8.00559229806259e-13,4.42704201399204e-11,1.28594112346391e-11,1.84068099021671e-10,5.53451617536623e-10,1.79284130586415e-09,8.03688270774213e-09,1.60394248224934e-08,1.60457688750209e-08,1.35121090105448e-08,4.82669269854832e-08,1.06475069145337e-07,1.96944335104453e-08,7.82045288106455e-09,4.91669073838351e-09,1.84411703338677e-09,9.71243361485477e-12,4.88167198485156e-11,2.34886480855918e-11
0.58,9.56281839180173e-10,3.72444076676718e-10,6.99005351487243e-11,1.33562156841593e-12,5.37713095799417e-13,4.4550050970572e-11,1.15995799412359e-11,3.51677687356993e-10,9.54576976081849e-10,8.04092475883955e-09,4.0402843168816e-08,4.42873765147307e-08,1.40171023180569e-07,7.93178168153595e-08,1.40979988299824e-07,6.05097281054672e-07,4.69681671212273e-08,2.0582388461712e-08,4.3222929986889e-09,2.12479684440412e-09,7.11356979337577e-09,1.65903675349896e-08,7.27926906667265e-08
0.59,2.16236329876024e-09,1.12290626607817e-09,1.90175199614922e-10,2.43695506713936e-12,4.369257887218e-12,4.90644009570784e-10,1.05202679632649e-10,3.33209605860906e-09,6.75327288937792e-09,1.89962440238663e-08,8.5613877870696e-08,8.6411385102972e-08,1.53179060538165e-07,1.30587240836221e-07,1.67326999348335e-07,1.23643215063197e-06,2.57116773992086e-07,1.07197213954434e-07,2.0029719940428e-08,5.62202447662171e-08,3.88212791032328e-08,2.27781634535334e-08,1.18578713479951e-08
0.6,5.64475558057888e-10,1.21425636474573e-09,6.37510526188688e-11,2.47765888511519e-12,3.27001208633639e-12,2.62968192669382e-10,1.04998106520193e-10,1.12034365650797e-08,7.37193870052577e-09,3.74340433848589e-08,1.0978517144248e-07,1.02100366141514e-07,2.50012935955141e-07,4.36660112600894e-07,2.16328281224938e-08,2.1419543770399e-06,3.00813028626831e-07,1.37122389124644e-07,2.57879035336286e-08,4.19886077595193e-08,4.54054510984705e-08,4.60862663213879e-08,3.16880481607943e-08
0.61,5.25937141667783e-10,3.58243483730723e-09,2.55290061502243e-11,3.40121898615454e-12,1.99049443765543e-12,2.96598060648212e-09,6.43834772873218e-11,9.53798030402674e-09,1.3506696420905e-08,1.94132981593672e-07,2.11522408199943e-07,4.03797026483965e-07,4.39184475564279e-07,8.24944396916351e-07,5.50396832860221e-08,2.12308298952148e-06,4.44018135801013e-07,2.21268002154409e-07,6.48503255870058e-08,6.19677012664165e-08,6.69449969900754e-08,2.33589003463924e-07,2.13627078126588e-07
0.62,9.10645374206245e-10,8.6779340203928e-09,8.43164804677485e-11,3.44598470724667e-12,1.17157377655569e-11,1.62170037770956e-09,1.37122873075747e-10,3.65350167923423e-09,4.6947643049314e-09,1.56543878777587e-08,9.96164870202548e-09,4.40248867020786e-07,4.79102781953493e-07,9.01098852962345e-07,7.02521303467075e-08,1.39865163703955e-06,6.04439273326106e-07,1.80815610051885e-07,1.16511167936787e-07,2.08109278956178e-07,2.05228810377937e-07,4.93478927906921e-07,3.46922940571177e-07
0.63,2.31578829576362e-09,2.90605770545786e-08,1.45387213431196e-10,4.67664935352216e-12,2.30416872678004e-11,3.90444811992197e-09,9.57323589333744e-10,8.77125451544674e-09,1.4628128915743e-08,2.38906988293436e-08,2.83457622025951e-08,2.75326379874472e-08,1.17832041318466e-07,9.87847270930328e-08,2.27072009518784e-07,1.49111619433553e-06,5.87282806666475e-07,9.99168052830559e-08,6.98730379869294e-08,1.96127125370301e-07,1.96127125370301e-07,4.41414285560419e-07,1.81796117363706e-07
0.64,1.67865832779592e-09,3.73797056402024e-08,2.70901933843891e-10,1.50231845766723e-11,3.38015963669036e-11,8.49848377275425e-09,1.14530491939499e-09,1.35125667570072e-08,4.83509404295918e-08,1.97899868424607e-08,3.30851733876307e-08,1.45122919351662e-08,8.30963577698856e-08,8.20447945097732e-08,2.07715523191575e-07,1.88510704557337e-06,4.09095609392959e-07,6.73463150393482e-08,6.73463150393482e-08,2.45988214211023e-07,1.08056023843449e-07,2.24344457012054e-07,1.83010979656422e-07
0.65,4.17790063927025e-09,4.78723548878541e-08,4.69344438783253e-10,1.38155901154975e-11,8.71052031582168e-11,1.54702655314567e-08,9.53798030402674e-09,2.67326375632146e-08,1.42221739276017e-07,5.56097731005141e-08,4.62024737663988e-08,4.10901874760337e-08,3.16089173355496e-07,1.89763719760067e-07,8.32894539243649e-07,1.05437538203141e-05,2.14369218575782e-06,3.93229706812453e-07,5.53936691256913e-07,1.36182872680273e-06,5.23269695376956e-07,9.61440226243915e-07,1.03582608547792e-06
0.66,5.33201432536416e-09,1.10871735747912e-07,5.27469272711361e-10,2.46467486468274e-11,8.72147055755431e-11,5.4298552581471e-08,7.78675332279192e-08,6.71846068093049e-08,5.69124023762639e-08,2.73363106700321e-08,2.24651794559696e-08,3.99988572926882e-08,1.03599800065731e-07,1.70771553016075e-07,5.05600778685885e-07,7.09905292443534e-06,1.6170827862696e-06,8.17100314116958e-07,4.85583294280445e-07,4.22115939595922e-07,2.91525559705783e-07,4.98166514924783e-07,5.87624165254927e-07
0.67,3.61609002926146e-09,2.51606686819274e-07,4.47160118147399e-10,1.15628279740567e-11,1.67852626008072e-10,3.64093139532634e-08,5.21458807157917e-08,7.97050139613093e-08,1.82028826976035e-07,4.94584886843693e-08,9.70167751598016e-08,7.21240009843034e-08,1.553608504486e-07,2.78132199750325e-07,4.47082364113637e-08,8.14617741843876e-06,3.28982954750651e-06,1.43140545817499e-06,4.54571376692933e-07,5.1716882901709e-07,4.71462726527447e-07,8.02613842069127e-07,1.03473762293759e-06
0.68,2.34835186221335e-09,9.82595400709482e-07,3.60010519821115e-10,1.87908027097289e-11,1.39251207082577e-10,1.13173891574689e-08,3.16987469466183e-08,4.83160154431228e-08,2.13743887753766e-07,1.14658085261425e-07,1.22446841331041e-07,3.69017255060079e-08,6.24056393069793e-08,1.75211340653872e-07,1.65183740042693e-08,3.85118326846539e-06,1.76220010232412e-06,1.13189985388367e-06,5.86996237778671e-07,5.75092569896812e-07,4.33740927686565e-07,8.16811865815731e-07,1.05517402789084e-06
0.69,4.26961022312853e-09,8.38398311874337e-07,2.43733226502166e-10,2.51796216862788e-11,1.84068099021671e-10,9.5501393329594e-09,5.25141001364567e-08,7.97428576921041e-08,5.20797935484077e-07,8.68969084402226e-08,9.15339578352215e-08,6.08108879000015e-08,4.60862663213879e-08,2.02503305543255e-07,7.26019852662137e-09,1.61419552923749e-06,7.06261483831763e-07,5.86996237778671e-07,2.43873306173139e-07,2.88736906303733e-07,2.62006763875242e-07,5.01052008158777e-07,5.91836660408046e-07
0.7,4.00514058004836e-10,5.59181068008456e-07,6.93458159590132e-11,5.34757905309733e-12,3.20965055541899e-11,3.94842327911256e-09,7.33888729816914e-08,1.31073526885295e-07,1.3434496253596e-06,1.834151727362e-07,3.51691615612868e-07,2.83503086911485e-08,3.64234498778972e-08,1.4890759395301e-07,1.29850449673909e-08,2.1625602137086e-06,9.43980217278176e-07,6.50326805060366e-07,4.34086869963876e-07,5.64730668567338e-07,5.64730668567338e-07,1.06750481939112e-06,1.25804606172208e-06
0.71,1.17299261631966e-08,1.87450471475729e-07,5.87939743684629e-11,1.72293867509734e-11,3.85738572853487e-11,1.89822239638554e-09,2.04579148938841e-08,1.30330910641315e-07,1.98676289291431e-06,1.14730022501791e-07,2.63899410660519e-07,2.68567853151944e-08,3.13325329924011e-08,1.56112112576469e-07,2.35925106686738e-09,1.08931029114048e-05,5.00955702948693e-06,2.29325146134555e-06,4.44162027906732e-06,5.20868970576671e-06,6.20553830798431e-06,6.76885980440766e-06,1.30239149644539e-05
0.72,4.55751680830977e-09,1.30415324273447e-07,3.17443920937236e-11,5.97750051342533e-11,3.13714721180784e-11,1.42821491105298e-09,1.3107883306488e-08,1.41388375111376e-07,1.45502141705971e-06,5.54620693323311e-08,1.1811786736891e-07,4.51058018442802e-08,2.72990320701512e-08,7.40517662563868e-08,3.03844799615113e-09,1.36562766785467e-05,4.13619154847882e-06,2.64437000477133e-06,2.31637900410822e-06,3.58009600198879e-06,2.48535843750895e-06,3.58009600198879e-06,7.03344384062979e-06
0.73,5.29466096177139e-09,1.80352350623547e-07,3.51116445625783e-11,1.15582476943398e-10,5.59980950454702e-11,1.41842730456246e-09,3.40203046013125e-08,9.23719430524754e-08,5.36717791047343e-06,1.01122009740845e-07,1.87536280656389e-09,2.24407599787884e-08,2.53941958751246e-10,4.49354211212244e-08,8.88544065304528e-10,5.3809677801565e-06,1.38711505266665e-06,1.04480237495522e-06,9.9231090598877e-07,1.1711896669547e-06,9.65762279249819e-07,1.28882238301612e-06,3.43640716945388e-06
0.74,8.39270872689751e-09,1.44428989188083e-08,9.79392894748262e-11,1.52966030498047e-10,9.94018525195454e-11,2.44566279668523e-09,3.10726080752314e-08,1.08667930640244e-07,2.70887745920927e-06,3.63292502706626e-09,3.22788987174541e-09,2.72645732629982e-10,9.46702068349644e-11,4.55245279554947e-10,2.4052510152628e-05,2.59226270085305e-06,6.91961323023138e-07,5.15157528076529e-07,5.91280625909524e-07,6.99317007154666e-07,6.33248228033435e-07,5.91280625909524e-07,1.22179063223999e-06
0.75,6.41469748528672e-09,5.91093060418364e-09,1.87166310140085e-10,1.15230260435669e-10,1.30225929093981e-10,5.99593065772828e-09,1.67585515617139e-08,1.07087441373713e-07,8.19039608130704e-07,1.26136345451049e-09,1.05793114878188e-09,1.63153678084793e-10,3.39003210189127e-11,4.65909368417824e-10,1.59246546583839e-05,2.2659959433078e-06,4.52187094262311e-07,3.34056062330214e-07,2.91399272477822e-07,7.25836290208973e-07,3.33414223528725e-07,1.27228244919834e-06,7.25836290208973e-07
0.76,2.1240187554126e-08,2.94940583164113e-09,3.91060378027735e-09,7.99735359432275e-10,1.46139481425507e-09,4.05420547000071e-08,3.02873912241162e-08,3.10530435933484e-07,7.42497182069678e-07,3.38783682869477e-09,2.25170983671923e-09,3.81929409766784e-10,5.02523644383278e-11,1.082188721954e-09,4.28179452131319e-05,5.08513951028356e-06,1.1539015655351e-06,5.18719862534436e-07,5.00658590614211e-07,6.56668161498631e-07,1.37173643426095e-06,1.84186434117287e-06,1.84186434117287e-06
0.77,1.91450327290015e-07,5.06467689629821e-10,3.61813321066308e-08,5.15269115605538e-09,1.23357626995607e-08,1.82083685608205e-07,5.62530947203152e-07,4.97393977754085e-07,2.09141309508008e-06,2.45791873069878e-08,2.89595746604454e-09,3.43115301017739e-10,7.80643826865216e-11,9.23026775649137e-10,5.33574315342355e-06,6.26413642118547e-06,1.05114795063866e-06,6.33703486200029e-07,6.10831749851777e-07,8.87618897207264e-07,1.85200606001537e-06,3.55422538342878e-06,4.30146468463468e-06
0.78,5.45741001126121e-07,1.23160709848747e-10,1.28020705872645e-07,1.71693161425787e-08,4.44618247958675e-08,2.14014819534559e-07,9.0600594321597e-07,3.20058521749603e-07,1.8971718272567e-06,6.70382966655641e-09,5.24918338196895e-10,1.2896775692909e-10,2.7581588149685e-11,4.47057247490801e-10,1.51411428476146e-06,1.61963481088833e-06,7.72401871699135e-07,3.47214054613598e-07,4.11930933110905e-07,8.24649379224526e-07,1.56681057378412e-06,1.41596378763153e-06,4.06633272619759e-06
0.79,3.0231794884431e-06,1.92391233660451e-10,3.71034451197134e-07,1.87893038443558e-08,1.20748612858184e-07,3.48036237338747e-07,9.79980297468734e-07,3.45931651394866e-07,2.04660667604874e-06,4.64393092666761e-09,3.14285010680746e-05,6.78439937113654e-11,2.72995601088533e-06,2.25507024335812e-05,8.01460800121314e-07,8.56067066986174e-07,6.03346607950045e-07,2.98561965294501e-07,3.94655622617426e-07,6.4356635133624e-07,1.23214845091324e-06,1.23214845091324e-06,3.24843960375047e-06
0.8,2.53919978768947e-06,1.08802389232064e-12,3.2209478266196e-07,3.98501883837062e-08,3.75158379885318e-07,3.76567693326927e-07,1.14597232750868e-06,8.6106932958139e-07,1.47003164422787e-06,0.000100063684931481,3.61992872710243e-05,1.80130677015309e-05,3.44240959944913e-06,3.0681858945597e-05,1.62191694568852e-06,1.19779569519531e-06,6.17411434758187e-07,3.77587803271723e-07,4.9886443175241e-07,5.91519617334033e-07,2.03455606975134e-06,1.34799653895603e-06,6.87929208707958e-06
0.81,4.8669882135674e-06,5.97130193739212e-12,3.76588813997604e-07,3.39400890414721e-08,2.14228093807197e-07,2.31008993042544e-06,3.16013093327124e-06,2.65066950667197e-06,4.14952186658378e-06,0.000569108767926221,1.46720384818148e-05,4.6394495097828e-05,1.37292680655909e-06,7.48082936029519e-06,3.82813086321361e-06,3.35994704571028e-06,2.65843658081464e-06,8.30704361275535e-07,1.09339442693797e-06,1.43676204631663e-06,5.86874302133415e-06,6.26490531292568e-06,1.73591779725785e-05
0.82,8.37817673893182e-06,3.70180077703935e-12,9.85668866205868e-07,9.14479979750708e-08,4.42618004817815e-07,3.39177468439168e-06,3.6835252204934e-06,7.24765442141003e-06,1.74658696246469e-08,3.71862065165264e-05,1.01058821620999e-05,3.13404107228601e-06,7.93405693603676e-07,4.96840629620714e-06,2.03455606975134e-06,2.17049431246848e-06,1.88478478953154e-06,1.04787532082061e-06,9.42102872431952e-07,1.24055397956826e-06,5.14253786612276e-06,6.05843224927016e-06,2.61253530112943e-05
0.83,1.03831439231559e-05,8.56388483118413e-11,1.01574736946318e-06,7.23321736173923e-08,1.23235383434959e-06,5.34486306446664e-06,1.22862692945275e-05,7.76725892745139e-06,2.16546800950918e-08,8.62264019502449e-05,1.7726329072912e-05,6.19435700727141e-06,1.61370355735051e-06,5.67244765864798e-06,3.13715136709112e-06,3.34719121362776e-06,2.63115835874264e-06,1.32081202400761e-06,1.92854621885575e-06,4.96516638899315e-06,1.92969141265753e-05,2.06102295473112e-05,5.46376189098605e-05
0.84,1.65279032760152e-05,8.43806826456346e-06,2.26288796035716e-06,1.18999939709848e-07,1.96197987118865e-06,9.00833827668391e-06,3.38969977566954e-05,7.13076426051041e-06,6.38723497880812e-09,5.71391551453612e-05,1.30093712243232e-05,3.35994704571028e-06,9.83867326086274e-07,2.22736113429589e-06,1.46810191533637e-06,1.73672397577124e-06,1.34422526818173e-06,6.5786648941145e-07,8.71059104303694e-07,2.32688550207744e-06,9.55427238285186e-06,1.60532180354228e-05,3.3183496785645e-05
0.85,4.08123029209451e-05,1.73841858520587e-05,2.56622625862954e-06,1.10591219051759e-07,7.75484369800076e-07,5.3829733743007e-06,2.96067927281903e-05,3.70477542477102e-06,1.87403141409787e-09,6.47667517156093e-05,2.23628060857734e-05,1.44097646878272e-05,1.32081202400761e-06,4.05944427587666e-06,2.18635799421736e-06,2.32688550207744e-06,1.79865658810822e-06,1.29919195265457e-06,1.91139518649138e-06,3.11235549192658e-06,1.27765701791504e-05,2.36120127985557e-05,4.85568146713726e-05
0.86,1.46720384818148e-05,3.47434080514975e-05,9.90048515238775e-07,7.9807339081039e-08,4.07119647911208e-07,5.39198098951161e-06,6.66910456997092e-06,1.72266823506944e-06,9.07111882910934e-09,5.70459447324295e-05,2.44382022358465e-05,1.08919619116812e-05,5.92596514509977e-07,1.23552574427762e-06,1.82189073568181e-06,1.0489063741968e-06,7.04849888385988e-07,9.3819785319937e-07,9.92614003502558e-07,2.73284643273024e-06,6.54108219293754e-06,1.12164413843107e-05,1.98501038988749e-05
0.87,0.000208852866856524,2.80400547588947e-06,6.7448449448207e-06,2.73147393536985e-07,1.62602630241963e-07,4.29092147036704e-06,4.12720561206241e-06,1.31179293217908e-06,4.79826308216652e-09,7.1115706794913e-05,1.98265892352959e-05,9.55427238285186e-06,5.94291807044495e-07,1.73367163128618e-06,6.66172132260643e-07,3.71822338549946e-07,3.09056601181287e-07,4.14239805610905e-07,3.87420463809191e-07,9.88141880692877e-07,2.74739492423974e-06,5.34339631975939e-06,8.70253134943172e-06
0.88,0.000129144205913448,1.08345212344889e-06,8.53483275060593e-06,2.96490830413555e-07,1.60854455939076e-07,2.48805377419551e-06,4.4212506654074e-06,1.7866184516561e-06,0.00019222514150776,3.27283022182889e-05,1.23748693894324e-05,4.7213422836801e-06,5.61077117357571e-07,9.92946483140569e-07,4.97178264752977e-07,2.93004911767569e-07,4.14239805610905e-07,4.9231647235057e-07,4.08185341987369e-07,6.94767000610515e-07,1.96105169160164e-06,3.84687725378024e-06,1.02670418743585e-05
0.89,1.48012458694579e-05,2.36805026167364e-06,1.39773934157096e-06,2.31929559684029e-08,4.92257458715946e-08,7.10824030888939e-07,8.55820349858932e-07,3.54365965115598e-08,0.000453333517070809,3.91504631740117e-05,1.60532180354228e-05,8.24267211761514e-06,9.3819785319937e-07,1.95957139628728e-06,5.84933795630953e-07,8.79324572294886e-07,6.50210752317902e-07,9.79299855585773e-07,7.21199421669052e-07,1.22546368790929e-06,3.44416206097312e-06,7.51206198197271e-06,8.87281534867743e-06
0.9,2.94096613741495e-05,1.83918946882764e-06,1.60096948811064e-08,5.81537267668826e-08,1.32608387666033e-07,1.82918150837429e-06,5.07291117776231e-07,2.72369411878408e-08,0.000789396718952519,0.000101111904499602,7.26976709146081e-05,3.3582041348074e-05,7.71964150731653e-06,1.40453994743714e-05,7.03116783816964e-06,1.14056650748126e-05,7.90431598411934e-06,1.03903577756979e-05,9.88988510032387e-06,1.60733943066174e-05,2.33390479905669e-05,3.37197478967468e-05,3.58163009918064e-05
0.91,1.75238445636254e-05,1.1694870330746e-05,4.07516700602927e-08,3.65427652830841e-08,4.75448925389896e-08,1.1591029157256e-06,6.41194912864084e-08,3.32966420221218e-08,0.000162370673760747,0.000105926651852304,4.76238042373765e-05,2.84658111929561e-05,7.03116783816964e-06,1.42749513254282e-05,7.09171981957953e-06,1.15593817750559e-05,7.95422602617376e-06,1.04765665078984e-05,1.45914468795661e-05,1.17427878423673e-05,1.54521866436536e-05,1.82275800233031e-05,2.39233446612506e-05
0.92,9.79756256134968e-06,2.91972456717662e-05,1.74085134178678e-08,5.45237552872162e-08,1.09655429721057e-07,1.61639152307111e-07,9.36487086744369e-08,2.4378225908852e-08,0.000143761756998618,5.90442268695079e-05,2.74427054123926e-05,2.15791214332942e-05,4.07618427515476e-06,1.04765665078984e-05,4.55202394656062e-06,6.74444408889002e-06,5.68763298491174e-06,7.53256023538379e-06,1.17636954071193e-05,9.4038283221134e-06,7.49221371354583e-06,7.90067519686156e-06,1.04740514354566e-05
0.93,0.000373489635727886,1.98185860831168e-05,9.42306504588345e-08,3.22738437437882e-07,5.53936691256913e-07,7.67514518300113e-07,1.11973273264265e-06,4.36541958590447e-08,0.00101493202131865,7.86155459024895e-05,3.43099407088506e-05,2.19819998464564e-05,6.37766633999986e-06,1.45914468795661e-05,5.68763298491174e-06,9.4201621183739e-06,7.95507352000174e-06,9.4038283221134e-06,1.11130855082537e-05,7.90067519686156e-06,5.57344401300608e-06,4.62099429577056e-06,6.94120882771652e-06
0.94,6.43501750034664e-05,0.000124554601390594,1.39176538233461e-08,1.43336178158209e-07,3.07680779789924e-07,4.80693131990936e-07,2.74264350492051e-07,0.00144059708567186,0.000875363131184361,0.000529650708693028,0.000110397723594624,0.00012945430287937,2.4137197252439e-05,6.07812558562852e-05,2.6925618110159e-05,4.41161233832556e-05,2.99797558286501e-05,3.53726579357572e-05,3.73000483699695e-05,3.33133415512439e-05,4.92013169636059e-05,2.20505075584544e-05,3.29153643467447e-05
0.95,0.00151789976545253,3.95763772724022e-05,7.49723568792494e-09,2.86337238625922e-07,2.01217258183937e-07,1.32514280866414e-08,4.4642932023365e-09,0.00345587275733235,0.00108198235463524,0.000364085644350409,7.83503263186118e-05,7.06869794165094e-05,1.82208594466856e-05,3.17644452894441e-05,1.20868893522113e-05,2.26843812785513e-05,1.68960962440315e-05,2.24313078601115e-05,2.97239967998479e-05,4.40009684951316e-05,4.40009684951316e-05,3.29153643467447e-05,2.9301215923621e-05
0.96,9.33017015397704e-05,2.64955701294244e-05,5.33201432536416e-09,6.20558152956069e-08,7.06802012215395e-08,7.31557838037847e-09,0.00104640504955891,0.00135040209203256,0.000377553844771786,0.000229309882204917,7.57171210580888e-05,0.000121583645254487,6.83950846034941e-05,6.13415779818314e-05,2.97239967998479e-05,7.22578559025317e-05,4.14105624385279e-05,7.21103255520896e-05,0.000105808309051949,0.000154332523321913,0.000105808309051949,8.01203941649088e-05,0.000117881882132546
0.97,5.70005508032906e-05,4.35967529872742e-05,2.13728963633779e-08,4.41515180848687e-08,9.98121545648783e-08,0.000889200113534813,0.00127647768177865,0.00122227434331768,0.00032426564045704,0.000235089036482688,7.618792735896e-05,4.40009684951316e-05,8.98666843439772e-05,6.11795480409062e-05,2.31488223665211e-05,6.44979520980188e-05,4.08620023239616e-05,4.82366914942255e-05,8.01203941649088e-05,0.000117881882132546,0.000117881882132546,7.92356719007499e-05,7.92356719007499e-05
0.98,0.000120554394241348,4.60841619603396e-05,1.93252481776442e-08,1.93843624246146e-08,8.46925260837258e-08,0.00115400925340981,0.00066286160904126,0.000435011705291401,0.000123099399534211,9.47981140953522e-05,2.7356944583219e-05,2.54594855380005e-05,2.0882610862306e-05,2.0882610862306e-05,8.23777247549547e-06,2.18213599017957e-05,1.69783971678127e-05,2.00885570894553e-05,3.0515383656788e-05,2.69448211659679e-05,2.37639518235924e-05,2.17924467294147e-05,1.91538467296817e-05
0.99,0.00146151499712713,1.68138394292334e-05,2.90114676397884e-08,4.06613334576787e-08,1.23632291627574e-07,0.000786888636333357,0.00042701620119176,3.33133415512439e-05,4.63785640893418e-05,0.000201588265921384,9.01027314334282e-06,8.23777247549547e-06,1.49503120215045e-05,9.75573257371383e-06,6.56396367432475e-06,2.00885570894553e-05,1.55636532264784e-05,2.09336218415076e-05,3.18617338740744e-05,2.81065753548179e-05,2.47640518317519e-05,2.26627215886794e-05,1.98970922740527e-05
1,1,0.00014432438963212,0.000222864346963013,0.000621879322121584,0.000294282860653678,4.45263311441668e-05,0.000121017635853379,8.32087562192164e-05,8.54751913513701e-06,0.000191334510482935,1.51389426201271e-05,1.09750189587414e-05,1.29527121829971e-05,2.70105854316976e-05,7.65814081791081e-06,0.000475671561630765,4.54789765042746e-05,0.000225924382376223,4.54789765042746e-05,6.83082515202926e-06,9.45230185698952e-06,8.29299963195639e-05,2.03964547159359e-06
