Metabolite,Model_Metabolite_ID,Conversion_to_Absolute,P0_05,P0_11,P0_16,P0_22,P0_30,C0_05,C0_11,C0_16,C0_22,C0_30,N0_05,N0_11,N0_16,N0_22,N0_30,L0_05,L0_11,L0_16,L0_22,L0_30,U0_05,U0_11,U0_16,U0_22,U0_30
"(N(omega)-L-arginino)succinic acid","(N(omega)-L-arginino)succinic acid [cytoplasm]",NaN,-0.0481511457021173,0.0397886537500515,0.0888188151815772,0.323665251583365,0.217286263164395,-0.124066042555213,-0.225586888705758,-0.152313003658529,0.00369888313314935,0.407522295315866,-0.911275153866209,-0.377741310846269,-0.369018305789682,0.312915385725173,0.449812908570524,1.54337597497212,1.77989618747968,2.0128771681956,1.96134331049314,1.64676722361095,-0.0923148969461148,-0.217339329179093,0.00394674030157019,0.142020042328608,0.229806039046067
"(R)-lactate","(R)-lactate [cytoplasm]",NaN,-0.0428351762071668,-0.641689812558877,-0.743475339941371,-0.57602275170598,-0.253755880760968,-0.834152946919078,-0.641426381098591,-0.503574592715319,-0.793363571188032,0.760867039930329,0.219942980138867,1.26268662793646,0.660400235654605,0.661521191664033,0.924549586192977,0.319554929713591,0.563942152089876,0.704076075135583,0.753332725414121,0.798766659455917,0.216797294660395,0.41369711723989,0.544660836862067,0.771450911295895,0.903274589495282
"(R)-pantothenate","(R)-pantothenate [cytoplasm]",NaN,0.011607057629057,-0.071140946001145,-0.12135520968651,-0.14882532845949,-0.0527528158465743,-0.541051597171085,-0.608018547695966,-0.628355014927143,-0.466052879742787,-0.354782779705582,-0.729195228115804,-0.994875109606002,-0.801828685372467,-0.457976248564251,-0.251717537842747,-1.27371885736983,-1.10539302837121,-0.773083976023164,-0.563376199402351,-0.431250894374489,-0.936017550250129,-0.696034667460031,-0.823457510735765,-0.624418859729898,-0.397386773113728
"(S)-dihydroorotate","(S)-dihydroorotate [cytoplasm]",NaN,-0.153336480745465,1.2798951461812,1.8717968180965,2.99380773366387,3.08757780946958,-1.71138341272056,-1.15227911986948,-0.647548173437375,0.0271175736898332,1.40923238831615,0.746228630256032,0.965152006905927,2.06759951063403,2.84652572211097,2.98724980508442,2.5633523176283,2.95349713696647,2.20699642722653,2.24101175893032,2.2753135112595,8.7142661249928,8.88543390437023,9.0358112838176,8.58095156880383,7.55183460957679
"(S)-lactate","(S)-lactate [cytoplasm]",NaN,-0.0428351762071668,-0.641689812558877,-0.743475339941371,-0.57602275170598,-0.253755880760968,-0.834152946919078,-0.641426381098591,-0.503574592715319,-0.793363571188032,0.760867039930329,0.219942980138867,1.26268662793646,0.660400235654605,0.661521191664033,0.924549586192977,0.319554929713591,0.563942152089876,0.704076075135583,0.753332725414121,0.798766659455917,0.216797294660395,0.41369711723989,0.544660836862067,0.771450911295895,0.903274589495282
"(S)-malate","(S)-malate [cytoplasm]",0.00376498963301021,0.129968257271971,0.23663965766179,0.259777237956216,0.262761909245785,0.190917736850804,-0.0834092459098113,-0.20190439739142,-0.33281667177324,-0.0441278385836135,-1.00512058230704,1.54526379599814,0.283120805367119,0.846000177679948,0.726645175398296,0.48637873320117,0.264312036686691,0.0539458163283509,-0.421253796384463,-0.661995517457513,-0.593451858430976,-0.403638463191397,-0.572040275826736,-0.707481606723296,-0.747951656423501,-0.735865259659944
"1,3-bisphospho-D-glycerate","1,3-bisphospho-D-glycerate [cytoplasm]",NaN,-0.101984391316151,0.67564579160974,1.03845372034522,1.71297908927679,2.06732828395128,0.84013803136081,1.188654066713,1.43190827767203,1.51238396265939,2.40554314344696,1.01108825806868,1.36259489148396,1.5921398709803,2.09188020841467,2.28400291609834,0.680244353496661,1.04348778724146,1.40265592364029,1.7539751787664,2.01214613615527,0.736343657719725,1.17454987580231,1.49613966500405,1.93940098184972,2.21881738553458
"2-oxoglutarate","2-oxoglutarate [cytoplasm]",0.000960507065796625,0.227900585885015,0.273252614769875,0.0379893422205078,-0.501219832197513,-0.989264695998875,-0.551621060018213,-0.35451581925145,-0.305739074874626,-0.603651622369744,-1.2861184941852,1.73536799886728,1.20844045347492,1.50318787577256,0.956688748537385,0.301646035496978,1.03964334157692,0.0482643627443275,-1.21276295601753,-2.05217000415503,-2.45591142506579,-2.67869298869655,-3.11836168592385,-2.98680178605875,-2.89454880866689,-2.77745224490273
"2'-deoxyadenosine","2'-deoxyadenosine [cytoplasm]",NaN,0.0270627770609211,0.00514261991596466,-0.315647280352401,-1.02995224319795,-1.52616652705771,-1.45697143156743,-1.03699542765614,-0.758260403757176,-1.40876671914687,-0.633133806134896,-1.98465892974012,-0.57175484116268,-1.05391553032488,-1.34446474267596,-1.62679748818327,-0.609875784782012,-1.33352644788674,-1.83338112647046,-2.22906005564262,-2.73369324454352,-2.12692781613224,-2.23482393168651,-2.0464405837299,-1.99318629858758,-2.00387184372746
"2'-deoxyguanosine","2'-deoxyguanosine [cytoplasm]",NaN,0.0780846536214067,-0.715992078085493,-1.23137462537785,-2.08097661804217,-2.45731046696132,-2.39931279329383,-2.52456167177849,-2.55261579448985,-2.74797703035545,-2.49846285734603,-3.25227490958848,-2.75000488913388,-3.08624193491422,-3.00028994981917,-2.93829761423686,-2.29960300806154,-2.61037345502829,-2.5556984490387,-2.71812934615043,-3.0621152945366,-3.00132445071773,-3.05950814627796,-3.31401784127456,-3.30416024597115,-3.18575748480859
"3-(4-hydroxyphenyl)pyruvate","3-(4-hydroxyphenyl)pyruvate [cytoplasm]",NaN,0.186145071694226,0.149284006454132,0.0758129420433159,0.0438211728307624,-0.138799501536559,0.223705491321434,0.0837995544483953,0.0195635436423535,0.212513269823339,-0.563013610750125,2.75416019740596,1.41927689082743,2.29158584441165,2.29889814946571,2.05638974875223,2.01408445813844,1.60935947832095,0.613220438885512,0.00204819146612383,-0.213485155877432,0.429088936139632,0.0849900639816799,0.0988698518361896,0.114292473405624,0.0969813308889368
"3-hydroxy-3-methylglutaryl-CoA","3-hydroxy-3-methylglutaryl-CoA [cytoplasm]",NaN,-0.114014893321075,0.259184059459827,0.333450092154576,0.18859156558752,-0.297714302474911,1.00087410990014,0.8248695599441,0.801132977835943,0.734439507428768,0.0687512275601635,-2.06336199749367,-1.25207737724187,-1.58486475790767,-1.56018435633332,-1.75750148404895,1.41265704182742,1.31797181089996,1.43443750680242,1.32182252459182,0.833156214856324,0.939742055697617,0.457608105180464,0.62085053419327,0.15208116605326,-0.279612566606643
"3-phosphonato-D-glycerate(3-)","3-phosphonato-D-glycerate(3-) [cytoplasm]",2.12981446999637e-05,-0.0777380578232428,0.514019703336302,0.869892150420317,1.25436047064879,1.68024062463692,5.52230005916128,5.88354903702048,5.97013661158631,5.13771114503159,5.00274975354719,5.28218612286358,5.52265190934026,5.26234543879547,4.29672793163367,4.0764744672388,2.7567001856626,2.52111087436707,2.30735771518266,2.32164729977914,2.6078975289648,1.00223745440649,1.11948551381288,1.74479270600349,2.05985679892941,2.34220981114179
"3',5'-cyclic AMP","3',5'-cyclic AMP [cytoplasm]",2.58552348694185e-07,-0.00216207036760267,0.137166510454979,0.212286915900479,0.276110568914942,0.274336245238729,0.0115498722518067,0.064700829435841,0.0515545317900505,0.0743552642087162,-0.119954744317378,0.315497806665095,0.237657072095504,0.183802261804694,-0.0304446575979244,-0.162352710443969,0.0924042640227745,0.0486215723677014,-0.0622889715253067,-0.0801515981477412,-0.0176574996772493,0.379653620787543,0.318519481902095,0.304321392239488,0.181408407875405,0.0590978794513239
"6-O-phosphono-D-glucono-1,5-lactone","6-O-phosphono-D-glucono-1,5-lactone [cytoplasm]",NaN,-0.0894595288424257,-0.240253292224578,-0.176862710523886,0.204500740337119,0.601117392320542,1.1735137596704,1.34918268049434,1.53497187384603,1.23368248869921,2.62449440163808,1.29031205502055,2.13343286559988,1.94200235554137,2.22746108126929,2.61324509960995,1.32490920984003,1.65568037237353,1.92471621648257,2.08532446499835,2.14422712692742,1.07434793697248,1.38804183001426,1.71971670510271,2.12708805842003,2.3939412563544
"6-phospho-D-gluconate","6-phospho-D-gluconate [cytoplasm]",8.89579386246668e-06,-0.206191558989276,2.55063532337797,3.64871034206579,5.03790450839913,5.20148353453579,5.08623011478338,5.54698962716322,5.85116557482721,6.19484180158435,5.39921359393794,3.64657339361303,3.23978210640445,4.32666784110595,4.86970143836913,4.58446990920728,4.04903289994531,4.29566444644123,4.40416344135184,4.75826113947461,5.00243658373577,3.4591809069031,3.63220423492056,4.43096786646263,4.69079975585454,4.70593489751258
"9H-xanthine","9H-xanthine [cytoplasm]",NaN,0.0145158818636164,-0.616351955282847,-0.928938833035416,-1.44991166441376,-1.67530088094415,-1.44243056418998,-1.50795645015521,-1.55529128802902,-1.81251284321417,-1.57674382596045,-2.34353117712501,-1.53697955438331,-2.25335513115847,-2.44471369368536,-2.49274580061532,-1.23447972970147,-1.39473431864667,-1.22746730719234,-1.32059965866029,-1.55658830589566,-2.34023643597193,-2.48531431984436,-2.5876460498399,-2.66044114378655,-2.61943310719612
"acetyl-CoA","acetyl-CoA [cytoplasm]",1.3820378876278e-05,-0.0594447817043797,0.607065664826759,0.815747861832092,1.01181608198978,0.772238065900549,0.611873294198907,0.732403896625705,0.846778813622107,0.869109580590198,0.681819573188222,-0.0697270521184118,0.322504687419212,0.386696599612098,0.457818795292073,0.229584559501481,1.70115638901495,1.59008645482785,1.37142534319774,1.22458830708847,0.977340881899128,1.21131697694751,0.969404928754747,1.21494549207449,1.038262742837,0.777735442390831
"adenosine","adenosine [cytoplasm]",NaN,0.227340835181789,-0.7278050433724,-1.50624589261985,-2.8514605989992,-3.81397651808346,-6.26001436106125,-6.4409628205233,-6.50151844858872,-6.31247613954033,-6.58560041308598,-5.55839797081622,-5.49753214518138,-5.57758090414652,-5.49898039570131,-5.81076346806221,-3.36501736396112,-4.13433051827065,-4.83304125469226,-5.48793370506954,-6.18932616910163,-3.66578028051832,-4.14864004876631,-4.78328902267695,-5.23219468128424,-5.56471204627221
"ADP","ADP [cytoplasm]",5.50040986651291e-05,-0.0411101671639728,0.327194987623509,0.531883553691264,0.823430584748841,0.861530160543067,0.823999221141022,0.884686788798694,0.896936631353424,0.925981033746118,0.769721462499411,0.629070861552984,0.765555941039088,0.647786743877354,0.607149965800714,0.472745448444765,1.0403396869236,1.11663077895931,1.19139134553903,1.21777092688661,1.24166752367108,0.0732136104931277,-0.00976829430171581,0.168438813920171,0.181719744668829,0.193201265117161
"alpha-D-ribose 1-phosphate(2-)","alpha-D-ribose 1-phosphate(2-) [cytoplasm]",7.88295971420859e-06,-0.176735026490387,1.63070397140853,2.50430805780039,3.90334069392692,4.3911017825548,3.05504746720293,3.55333154272797,3.85420089504245,4.11376004508922,4.52740946044975,3.3339025736864,3.42532901592575,3.92878064477192,4.42937630767089,4.39368927316775,3.10276407504257,3.61263479582818,3.90883798786703,4.32186804004342,4.72110757164176,2.4830583120344,2.8397803236944,3.50403727660574,3.94932213330411,4.1521108399717
"alpha,alpha-trehalose 6-phosphate","alpha,alpha-trehalose 6-phosphate [cytoplasm]",NaN,0.0867773257316328,-0.207932141796184,-0.199490634207637,-0.022704712467897,-0.0783883629238146,-0.609204745096796,-0.757904593443481,-0.880294999080999,-0.66683321379661,-1.07223060600242,1.54038897496788,1.02802388406743,1.04889541195234,0.789745565324038,0.538572247747823,1.88118317532854,1.81532277932987,1.21382023349935,0.793380709228509,0.675929589261917,1.04529882236251,0.597537576042554,0.556323730297618,0.272100609353116,-0.00975099991255393
"AMP","AMP [cytoplasm]",1.49883457589102e-05,0.0592437862401291,-0.0920462278755257,-0.221613444968985,-0.537429213008642,-0.820293229010765,0.401123828413505,0.158512788604279,0.0304572734790564,0.0416405221761882,-0.795008539871889,-0.0459772387868453,-0.496955125327895,-0.308767058708732,-0.433996448081474,-0.575187334214315,0.443735656699436,0.184781245619086,-0.115231576344173,-0.380091560712624,-0.617375341099174,-0.0206128181431604,-0.334572004874236,-0.418703582719997,-0.643957118023044,-0.794788432126588
"ATP","ATP [cytoplasm]",0.000183361590816802,-0.10919646803238,0.528590970180596,0.872684843103452,1.33822892951753,1.48256713801924,2.42649234709086,2.490793783792,2.5269316230921,2.47294920609811,2.28299919412927,1.25743606027707,1.48829594845875,1.43296026134274,1.44854365472228,1.41053013835626,1.66013353205764,1.85767109012412,2.13359788376317,2.31466944739756,2.39827608035899,0.983379033308092,0.99138212186768,1.31278102150797,1.38133049541165,1.42487623082607
"carbamoyl phosphate","carbamoyl phosphate [cytoplasm]",NaN,-0.00256908102917489,-0.0177442210335676,-0.0321463731238928,-0.0442308797633932,-0.037846631068205,0.0877851078209142,0.0720464549717941,0.0807000307402111,0.0799599598433661,0.127639384748958,-0.0110790372905586,-0.0336287420198257,0.0403444182328437,0.109234950663964,0.164714963794442,-0.0105512666281428,0.00447581458054392,0.0164680739699247,0.0296583447889148,0.020419449917309,0.199939015812484,0.23153687022143,0.228610306757157,0.247197202115487,0.254135662945613
"CDP","CDP [cytoplasm]",NaN,0.00335546660085714,-0.256319568944248,-0.229965479508075,-0.030186612981759,0.152709227153181,0.313752549183277,0.108256975682305,-0.00857995543264469,0.165313898994996,0.0842289169170536,0.475357181211518,0.171275421915726,0.166719258180779,0.34853024268895,0.498703722019347,0.320325400531824,0.610524468979495,0.885162297040845,0.984244084440092,1.08763940525462,-0.185574464713609,-0.17528331954444,-0.209626124558987,-0.117463485598406,0.0292969267858179
"choline","choline [cytoplasm]",NaN,0.285037910687096,-1.52549478181364,-2.34496339105853,-3.36496613409569,-4.1570490947753,-4.71272211148153,-5.61453451951549,-6.01649991963721,-5.4430622924835,-6.45781779806155,-3.01829615705513,-4.12564228080946,-3.81252584553826,-3.51925091296588,-3.57486927810386,-0.255455256405521,-0.617843547008602,-1.50451286526551,-2.43636253789655,-3.26116270225771,-0.754239470578549,-1.6926888281778,-2.4229102488504,-3.13300532475167,-3.67003339856102
"citrate","citrate [cytoplasm]",0.007371821,0.248173564275299,0.334923990148574,0.372946671515677,0.317880771135484,0.0609374679011568,-2.73685672741341,-2.56738682162916,-2.77404147587871,-2.50525452452627,-3.81709692501696,1.00465760046952,0.139458627213399,-0.360595701255744,-1.27112088921146,-2.32147427655894,-0.358183825494235,-0.943231312978001,-1.6519315682151,-2.2142374823222,-2.12402989497641,-5.74742037535594,-6.31235897303901,-6.42158450469943,-6.44059086363622,-6.21574154753102
"CTP","CTP [cytoplasm]",2.12816632543596e-05,-0.0889119271794437,0.39927210106861,0.727422737891302,1.27476950285579,1.49148107049403,2.73826661833644,2.80724650670932,2.84381924290304,2.6894414573711,2.70992278465715,1.87664364400916,2.29263431324955,2.04759765429673,2.11593099487501,2.06552279827395,2.36224674541955,2.58351413877754,2.93030062388679,3.03798847377926,3.07391203686907,-0.440607219020431,-0.459529673084854,0.0207860402048404,0.342094374908918,0.669512786170255
"cytidine","cytidine [cytoplasm]",NaN,0.1830963252089,-1.17106897356426,-2.03749151753222,-3.32236523583142,-4.12928561641513,-6.56049436348125,-6.91016041320618,-7.00507546554761,-6.7736032414459,-6.45225142389637,-7.1264551661394,-6.51832378218985,-6.96738006405537,-6.29565684092204,-6.26147801677739,-4.00103794303015,-4.34793307877428,-4.20716659469864,-4.57465315866769,-5.28785664061012,-6.11943570131147,-6.40710430584407,-6.98498212213612,-7.02707437669232,-6.86604973432558
"cytosine","cytosine [cytoplasm]",NaN,0.162829281860197,-1.3219976363753,-2.21329692410136,-3.51741677189938,-4.00143444058353,-4.13111177047888,-4.43895421732558,-4.49902242609422,-4.65279650602976,-4.0515826065006,-4.92565366151401,-4.51869411853962,-4.72521681191441,-4.21557739137225,-3.8931091595502,-3.84692846547089,-4.19329219409883,-4.0290395139688,-4.25032624123705,-4.75277353124043,-4.93040815930255,-4.88127920909617,-5.35328167978816,-5.13609594580624,-4.76039532583827
"D-erythrose 4-phosphate","D-erythrose 4-phosphate [cytoplasm]",NaN,0.0417990617323289,-0.556652257312074,-0.668356371094617,-0.7540842053054,-0.894968859891593,0.758610985532114,0.199379401901522,-0.100189112287207,0.0895108254078636,-0.887590459373914,0.286254578074764,-0.275997420907601,-0.309659144314124,-0.337961209527958,-0.348331264984356,1.48173747639166,1.57782230895983,1.53459419352535,1.29327157870022,1.05676307603402,0.520201784819848,0.0255078850185388,-0.0906435894335518,-0.415427722399176,-0.598038848764556
"D-fructose 1-phosphate","D-fructose 1-phosphate [cytoplasm]",NaN,-0.174485816864564,1.05585281523452,1.63950070882611,2.45019697254319,2.76356455212649,2.44056668559747,3.07629042710358,3.38142032682114,3.03285001557032,3.75947310431647,2.15516372197414,3.30310240637184,2.85651032133151,2.58157762245846,2.34125307144021,2.13999598995047,2.258402145124,2.42508319276423,2.66685746425159,2.90012118224885,0.897802617807717,1.10146663242863,1.74946685045196,2.02379482660979,2.13893560483007
"D-fructose 1,6-bisphosphate","D-fructose 1,6-bisphosphate [cytoplasm]",1.94562543285719e-05,-0.248382263578103,1.61051514512329,2.76840535991939,5.00040099363333,5.89878014905028,1.80148035240538,2.87839404362979,3.45200459005985,3.52289172655193,5.76616366825128,5.1386331709203,6.69689027056068,6.25813709314058,6.45169617188392,6.23599220045671,5.53125566243635,6.30646076294095,6.37989945239726,6.67659281829242,7.19386078104667,3.36223878987904,3.70249516766817,4.79870638162574,5.39819663169669,5.55421198043597
"D-fructose 6-phosphate","D-fructose 6-phosphate [cytoplasm]",NaN,-0.174485816864564,1.05585281523452,1.63950070882611,2.45019697254319,2.76356455212649,2.44056668559747,3.07629042710358,3.38142032682114,3.03285001557032,3.75947310431647,2.15516372197414,3.30310240637184,2.85651032133151,2.58157762245846,2.34125307144021,2.13999598995047,2.258402145124,2.42508319276423,2.66685746425159,2.90012118224885,0.897802617807717,1.10146663242863,1.74946685045196,2.02379482660979,2.13893560483007
"D-glucose 1-phosphate","D-glucose 1-phosphate [cytoplasm]",NaN,-0.174485816864564,1.05585281523452,1.63950070882611,2.45019697254319,2.76356455212649,2.44056668559747,3.07629042710358,3.38142032682114,3.03285001557032,3.75947310431647,2.15516372197414,3.30310240637184,2.85651032133151,2.58157762245846,2.34125307144021,2.13999598995047,2.258402145124,2.42508319276423,2.66685746425159,2.90012118224885,0.897802617807717,1.10146663242863,1.74946685045196,2.02379482660979,2.13893560483007
"D-glucose 6-phosphate","D-glucose 6-phosphate [cytoplasm]",0.000127953127615113,-0.174485816864564,1.05585281523452,1.63950070882611,2.45019697254319,2.76356455212649,2.44056668559747,3.07629042710358,3.38142032682114,3.03285001557032,3.75947310431647,2.15516372197414,3.30310240637184,2.85651032133151,2.58157762245846,2.34125307144021,2.13999598995047,2.258402145124,2.42508319276423,2.66685746425159,2.90012118224885,0.897802617807717,1.10146663242863,1.74946685045196,2.02379482660979,2.13893560483007
"dATP","dATP [cytoplasm]",6.08860066365288e-07,-0.073774758805288,0.393223677555059,0.610505233075982,1.0584606428775,1.32743961895371,0.203259250124783,0.657586131639639,0.929723811734846,0.741219108626092,1.91624526594115,0.874116251827191,1.69771399075246,1.52009267305778,1.66084274108581,1.71178758402812,0.673493116064631,0.808977286525048,0.921692455062064,1.07358589216986,1.21210000037602,0.0281441424181884,0.344374506720943,0.690567132946593,1.08051568065529,1.31640371593393
"dCTP","dCTP [cytoplasm]",7.27903132691527e-07,-0.0147062681219534,0.833553577573356,0.994533854462102,1.16150353936423,0.901887608130411,1.27900781976544,1.56447668397242,1.84302860840818,1.66268641466813,1.90849069307,0.941398699800047,1.40761102361237,1.82445999970511,2.21628045317065,2.03726249705155,2.47319033415743,2.15943664049658,1.74881032190849,1.44592892940019,1.04681985857426,-0.0126280675703046,-0.112937047258936,0.403009355238487,0.70066722165064,0.841991184995892
"dGDP","dGDP [cytoplasm]",NaN,-0.101985290752982,-0.248618125323795,-0.163135731485853,0.0523025386543587,0.292110177527977,2.0871096840613,2.11258672921638,2.13966603280415,1.75243896360421,2.24548185209676,1.16332763105435,1.93606239408285,1.43225152557365,1.22990308342933,1.36857946715679,1.48452721960548,1.67376913468521,1.9336121783751,2.0358884176596,2.04878828328828,0.95201349089495,0.97504545035632,1.26065641125303,1.342669786748,1.40673404990794
"dihydroxyacetone phosphate","dihydroxyacetone phosphate [cytoplasm]",0.000102920331538143,-0.105145735791219,0.956670912196841,1.55260459518497,2.7425090292779,3.1837766813962,-0.0879237691551327,0.436335325153386,0.744095045671192,1.05789521273577,2.23654862084789,1.83698034807871,2.34532436185883,2.41584456321902,2.91379243322739,2.88795686128844,2.10253416165101,2.60611219974031,2.7704940476326,3.00784178556046,3.30738992733785,1.17005599157894,1.45664550338231,1.91809210396278,2.33015322753442,2.50535227779686
"dTTP","dTTP [cytoplasm]",NaN,-0.0751698179743474,1.31337918806091,1.63592956079989,1.9092264625624,1.55699051073947,2.05315269483841,2.47014616982685,2.83180025691349,2.58540602463102,2.73346854209437,0.624363566465038,1.46952111703032,1.81791514180511,2.26072501681514,1.9621029560656,2.89831014500196,2.54439345426387,2.26623366824132,2.03297093196463,1.57341380824013,-0.296743921775992,-0.405285499952832,0.304275468111928,0.643560318905854,0.810931997063454
"FAD","FAD [cytoplasm]",9.3736248713039e-06,-0.0172397578065713,0.0403516091498107,-0.0464063369335346,-0.418856483416979,-0.749917636280298,0.925226518765763,0.820665035389139,0.779920860132252,0.559215469754088,-0.0530585720245789,-0.702910629516728,-0.498547032520087,-0.583950141059377,-0.838516600401118,-0.994200557972464,0.339679528897236,0.035315384998127,-0.134040191893778,-0.300423346638086,-0.582259281526716,0.337384967327575,0.0688590967502598,0.0939383386832151,-0.191119830619954,-0.429165531702411
"farnesyl diphosphate","farnesyl diphosphate [cytoplasm]",NaN,0.0118407074185963,0.419920083022591,0.4928761556173,0.755318990706588,0.604745084176149,0.657630965336693,1.41654447940546,1.92097402621297,1.10184121015844,2.76700328275696,3.03358044816766,4.80086245701143,4.38182912502933,4.05905325898488,3.61061990660018,4.70443914345598,4.06855964012053,2.89042427386227,2.08419425780544,1.50046163786928,0.22065669745413,-0.0777401357084386,0.811229777901179,1.18761752015949,1.26332857744478
"FMN","FMN [cytoplasm]",NaN,-0.071020432348687,0.225659381335003,0.339793248389062,0.432801327815441,0.357254952759257,0.694364548951952,0.705730505573633,0.748035788322379,0.737640187836224,0.652535411251512,-0.196776527883232,0.0452726933297115,0.074662979529337,0.0742450456676813,0.0677311075895242,0.698262121658676,0.730675569196333,0.715234839720522,0.747319625708084,0.668413466292712,1.79089447039326,1.7140524048114,1.7840312613053,1.56731630295743,1.29411055907869
"fumarate","fumarate [cytoplasm]",0.00011860257364692,0.141186378315662,0.295801843530692,0.304349277657266,0.455530564298329,0.478429351102487,-0.123846680051702,0.141843818893724,0.284764203293028,0.220865827537331,0.465971808683687,3.02556307494287,2.47805221525899,3.00847897637501,2.93105004923778,2.69779813168581,1.74606571734386,1.36458109731269,0.457434889176969,-0.0259434066815173,-0.0952679893678722,-0.182143971517864,-0.242543042277737,-0.030871152167433,0.272792261652278,0.451150256039336
"glutathione","glutathione [cytoplasm]",0.00579347237539403,0.0676468530195422,0.0580207910845168,-0.105704627892772,-0.562513918480303,-1.05121616384167,-0.200543665556768,-0.452154642535249,-0.564019138201055,-0.482024812801601,-1.50052547247035,-1.1485512802273,-1.53159615707128,-1.29065275941845,-1.28593490850198,-1.50955260825431,0.117904105354,-0.247419827393841,-0.562964839087278,-0.881462651160661,-1.26048171542312,-0.659277058384898,-1.05332954145323,-1.16359773174227,-1.44087832229338,-1.63004708273467
"glutathione disulfide","glutathione disulfide [cytoplasm]",0.00154062623257997,0.198324566383104,0.0928438186071255,-0.23795155298584,-1.00328775092715,-1.77651409407476,-0.493249741513109,-0.981929336708314,-1.19039418567021,-0.890443238966309,-2.74869236936419,-0.739055389230102,-2.19885481083674,-1.2156300644113,-1.0618466750701,-1.37044512858302,0.312546595902343,-0.365206152447467,-1.2236498808298,-1.88577453714646,-2.47341136413466,-0.586971235381908,-1.19695413212378,-1.48053316612904,-1.86005010774001,-2.12827964628932
"glyceraldehyde 3-phosphate","glyceraldehyde 3-phosphate [cytoplasm]",NaN,-0.100983942660465,0.979224170882335,1.58248620264222,2.72119443634109,3.00610908552262,0.0874551209050826,0.508166180639548,0.756810459094884,1.11590614808258,1.85042216943003,1.84667879449433,2.2396917809343,2.32629432693151,2.6791076659032,2.52267165757507,2.77658523101565,3.18560588978389,3.1363078721108,3.22214324538938,3.39033415078421,2.05042409109499,2.09077652240066,2.52472700604285,2.6705410210565,2.59204992365125
"GMP","GMP [cytoplasm]",3.46597550110743e-07,-0.0415628462090602,-0.240655790660854,-0.362319099922078,-0.649688016898744,-0.777070369315182,-0.209970641839017,-0.0472601355147238,0.0209212055236413,-0.41904911116845,-0.00563103606955773,-1.02507790183809,0.0329571529354154,-0.686603240496448,-1.10602201806982,-1.23731314619061,-0.238312715442715,-0.448282227770954,-0.444715489292932,-0.519900742434129,-0.681669811818469,-0.86031920641244,-0.954166546729794,-0.851073684459305,-0.938205068081918,-1.00426769359735
"GTP","GTP [cytoplasm]",2.48197452404834e-05,-0.10657752459124,0.602777611260788,0.901752532440155,1.34266475378,1.50213986384767,1.08122775989001,1.45640123977815,1.68274401808193,1.51024359083431,2.17191199995409,0.746100856149349,1.50449311121363,1.36041060296882,1.43364082011961,1.40137390613153,1.04060143068758,1.14452602335502,1.29582721191036,1.46366881236031,1.54720189972845,0.554082047847923,0.748384544635039,1.12117312747394,1.34915618531977,1.45191137572877
"guanine","guanine [cytoplasm]",NaN,-0.0279657250030513,-1.43145479326693,-2.0702213285442,-3.12748492952246,-3.38286753547992,-1.53366056271484,-1.50690918246855,-1.52024256824426,-2.4837491432677,-1.44989564309588,-3.63254659666349,-1.45525255015724,-3.19256471735505,-3.92211285679732,-3.90947117623502,-2.12143450269931,-2.47147929986852,-2.13135820499384,-2.25049091981414,-2.64444562861975,-3.74021202534951,-3.8785077393943,-3.9286407095612,-4.00356791161145,-3.90115308449014
"guanosine","guanosine [cytoplasm]",NaN,0.0672351344979219,-1.9845111506366,-2.92982578119724,-4.51171033762098,-5.06587362585475,-4.10228210929333,-4.28051076982814,-4.46872485806997,-5.28679342426631,-4.73532358663304,-5.6504826318069,-3.69976165598852,-5.71096194060863,-6.75486647821679,-6.92422720575097,-3.77091643865316,-4.33776461818081,-4.22834573257814,-4.56501875648296,-5.09066038727315,-4.82993468657219,-5.26499735049389,-5.73237652654669,-6.21909224368504,-6.40488188684206
"hypoxanthine","hypoxanthine [cytoplasm]",NaN,-0.0564957935352321,-0.804069036721849,-1.10369167619928,-1.67718648288309,-1.76608560269987,-0.54919146354765,-0.460291021452054,-0.482352258474936,-1.15594946366317,-0.592756167142049,-2.10286811038395,-0.571374967400496,-1.91409208596403,-2.63999093079254,-2.7197096371947,-1.41831501574442,-1.60462058251435,-1.29224516557811,-1.26608412476045,-1.39178101381458,-2.17106492835927,-2.25189326300588,-2.25903745302043,-2.38944810397009,-2.38910187491266
"inosine","inosine [cytoplasm]",0.000422763260908606,0.207401203515342,-2.11084170343639,-3.45351731721577,-5.64649053331362,-6.71941953444178,-8.49357153727747,-8.96155441890655,-9.17558545937281,-9.28261809234902,-8.99042164716943,-9.76460161224483,-8.7172516161457,-9.77951354987307,-9.8414189430899,-9.81311883857137,-6.71066048433121,-7.39266930363726,-7.43119533241322,-7.88648718624918,-8.7102670331448,-5.81022356587119,-6.22795553137455,-7.28860942031473,-7.92056647120132,-8.25565734522751
"isocitrate","isocitrate [cytoplasm]",NaN,0.122927236076426,-0.0477509364113676,-0.0462330608308454,-0.431255506463261,-0.537513575043356,0.303277336353103,0.233915794008689,-0.163192627097019,-0.330618884719819,-2.28596162867712,0.916400057516478,0.162946059176207,-0.724480099494515,-2.26798852947705,-3.1004908753956,-1.51869317892436,-2.01778810326763,-2.18884630733828,-2.34072369738693,-2.02048581837501,-4.09929163694341,-4.53592887781147,-4.77990200892804,-5.11928482492438,-5.08349935901221
"keto-phenylpyruvate","keto-phenylpyruvate [cytoplasm]",0.00019237335940589,0.165447113646867,-0.339912177928022,-0.543164614258051,-0.740549992960723,-1.10020382202027,-1.17413610960058,-1.27573583138115,-1.35630157138116,-1.38774046479244,-1.7992791569492,1.33221147966022,1.10023877575951,0.997556946750587,0.582570700876321,0.108228495864763,2.3960083261437,1.90057888703275,0.846297387519735,0.0186433639968353,-0.448839883422284,-0.464248147403845,-1.16722427750139,-1.11712079229962,-1.37439510921534,-1.61249248461502
"L-alanine","L-alanine [cytoplasm]",0.0544327111459664,0.0351774780477897,0.00159539630395802,-0.0739538095768884,0.00137790717558098,-0.427690975598278,-0.918058738199238,-1.37128118158496,-1.40201156688547,-0.823615137152073,-1.13487662605107,-1.37492226923697,-1.73272804255825,-0.996731316771627,0.103855173979384,0.261024480003723,2.21232873164241,2.36201274980399,2.17804006306136,1.8224043673371,1.20457238500085,1.26563949375676,0.830177481681428,0.843034055175789,0.697924138626248,0.489358647843593
"L-arginine","L-arginine [cytoplasm]",0.0309991946495851,-0.0102654600971495,0.231185812393132,-0.0237179369673385,-0.230325398710841,-1.02279611466779,-3.57940214807383,-3.6907311665298,-3.34341147857083,-2.84620533920648,-1.74372933618474,-5.03560027502832,-4.02753584061614,-3.25896639448926,-1.32960640592375,-1.00366168746946,1.13867740051007,1.15686774799623,1.06356281975397,0.69047886665078,-0.36447727390875,0.108631682140748,-0.110777884504211,0.031370097214727,0.138067324866694,0.00611663323109303
"L-asparagine","L-asparagine [cytoplasm]",0.00175423765072457,-0.139910651163128,-0.191947972830838,-0.388580152695668,-0.78431249691368,-1.15645446121414,-0.458678415406327,-0.885980525727058,-0.888771862151753,-0.675029386201069,-0.549403222842059,-5.43252561222331,-4.6092966519128,-4.5518775912399,-3.29303666029372,-2.7278951000592,-1.68181836802663,-1.28286352007726,-0.123140034528438,0.309382473506929,-0.119088086112905,-1.05490588057226,-0.922906519556934,-1.02238317199353,-0.978252073148717,-0.86574344818484
"L-aspartate","L-aspartate [cytoplasm]",0.0342016180192328,0.0181393401631926,0.249743047801321,0.284719949318007,0.541776168742388,0.51778175577977,-1.33592099544797,-1.22357446286638,-1.04196870514342,-0.766332950192074,-0.0316699481315767,-0.388820224098659,-0.30422316497016,0.144732809284949,0.914380083605716,1.06390743622639,0.619411040461357,0.75196341752989,0.686166501330059,0.620278734166191,0.473637325221959,-0.0381554700976479,0.0789499770358709,0.195620435427996,0.487797848588236,0.640043324472905
"L-citrulline","L-citrulline [cytoplasm]",0.000232994273476518,-0.227950265771591,0.706779139819084,0.658178475607167,0.77283643004673,0.512063189702435,1.22716839126971,1.33072390574639,1.9911309779911,1.92337589027326,4.3495766297157,-4.36771682206139,-2.39712684509194,-1.30345067447846,1.67488127217219,2.83962589488507,1.08287391516455,1.5942189680618,2.85026332877122,3.3079135542411,2.46572681400732,-0.860064777421627,-0.0707719513203393,0.703929301813868,1.97329614649348,2.90120531118749
"L-cystathionine","L-cystathionine [cytoplasm]",NaN,0.0441971529141804,-0.481694947419795,-0.951020696591566,-1.68502730596038,-2.43563470397708,-2.01629892166375,-2.42594693915716,-2.43595061081336,-2.34766626491778,-2.39274019405032,-4.38656090822121,-3.71706007420073,-3.68999409605956,-2.80556076406663,-2.69137724399531,-0.0186219351373325,-0.231673833685783,-0.158185068451682,-0.540054682210428,-1.42637681378396,-2.24536504761625,-2.67326517862108,-2.72734729156451,-2.79831004614518,-2.80180545730318
"L-glutamate","L-glutamate [cytoplasm]",0.0816147995034196,0.028453531275861,0.145445725919243,0.00957911746483017,-0.342180587733039,-0.609449122499437,1.06150541664357,0.9147000161287,0.922410218946975,0.819112135787684,0.393221374111131,-0.527183435427025,-0.714354142898527,-0.28726053055971,0.0709015198211884,0.139728156107687,0.0586447481887209,-0.173955670088314,-0.161476172408861,-0.26006749005749,-0.542745524641839,-1.13318856491007,-1.15326711971849,-1.07004622806893,-0.885676727046057,-0.664767634794947
"L-glutamine","L-glutamine [cytoplasm]",0.00835257040942352,0.0284409415773018,0.127787320038142,-0.165891674780273,-0.580849246325355,-1.08408214784835,-1.63864175816335,-2.01435395316772,-1.92114080209,-1.42302883210058,-1.29595741062144,-4.35064672192447,-4.48416115852763,-3.47578876057849,-1.64279531464362,-1.11954932196505,-1.26157306938018,-1.1259785510488,-0.547043761042681,-0.469292013461505,-1.04578807656956,-2.42876970309739,-2.25739855825127,-2.3356699859978,-1.88252237264977,-1.43876823950572
"L-glycine","L-glycine [cytoplasm]",0.0126427014886804,0.0369382616304251,0.121343488839275,0.00283479051349328,-0.0212443536022567,-0.177746897756895,-0.142568233187046,-0.275650738683598,-0.144444501673798,0.0538294736432376,0.460683344342082,-0.619960889146378,-0.790995005988531,0.0125753413397726,1.12253137952481,1.46467597934899,0.745997857778148,0.806899721032355,0.856596253772476,0.754573517840718,0.404479543841133,-0.571107253366311,-0.450708488611275,-0.308037129279333,0.134650064799855,0.484238457904892
"L-histidine","L-histidine [cytoplasm]",0.00525619636918532,-0.0234987937030851,0.0315128859700846,-0.2476752753189,-0.426489930706176,-1.10199318576855,-2.78331929871203,-2.90038585073346,-2.55750417727308,-2.25877713026099,-0.913861516225527,-4.52078570947999,-3.22049822320397,-2.70244311712885,-0.805487108410353,-0.411726533877413,1.54950112403806,1.62328566357511,1.7074865812839,1.36157594594444,0.307661615701449,-0.751037783443648,-0.927766711643105,-0.648240820685893,-0.340807672215559,-0.240398445584849
"L-histidinol","L-histidinol [cytoplasm]",NaN,-0.0240658511447411,0.0805118286045822,0.201269521850788,0.853196923210279,0.978782048011291,-2.39604117294401,-2.57434341376995,-2.47173158778143,-1.60915054122153,-0.679478471744781,-1.62134333733044,-1.79536183858754,-1.12408604633338,0.447990671528679,0.954258845713883,0.569697496847393,1.32305259717145,1.81351203149334,2.01721071956056,1.93904946693522,0.735169069365728,0.932148490114775,0.900020403950268,1.20684205619079,1.36549274584406
"L-homoserine","L-homoserine [cytoplasm]",NaN,-0.0314973834330021,0.381146823800119,0.416494551270069,0.419806411791738,0.0975800362524883,-0.18580106474976,-0.0988600839390809,0.0608212857468834,0.0536905880575327,0.248339079087871,-1.00943965642759,-0.415234000334916,-0.306210492762075,0.0869758378475076,-0.00404015289076192,1.28591162214721,1.14755925348737,0.991317587798395,0.791390063589458,0.386314593339922,0.118892587430299,-0.0648054722183465,0.172072499505014,0.174616954483992,0.0887253285806338
"L-isoleucine","L-isoleucine [cytoplasm]",0.00178875643863256,0.0331843677160972,-0.047661315864596,-0.027096334146841,0.328688930050228,0.26712823712256,-1.79238224170769,-2.27745558500501,-2.39364705029273,-1.47668889734403,-1.63086080331872,-1.89352943608597,-2.64098691890639,-1.96335525015748,-0.553396340668399,-0.19151234748704,0.256077652282681,0.863735132136247,1.40868078562159,1.52134683781817,1.36193813787227,-0.80293997605385,-0.844660786555796,-1.00345163780276,-0.806707425644539,-0.582872109945538
"L-leucine","L-leucine [cytoplasm]",0.00178875643863256,0.0331843677160972,-0.047661315864596,-0.027096334146841,0.328688930050228,0.26712823712256,-1.79238224170769,-2.27745558500501,-2.39364705029273,-1.47668889734403,-1.63086080331872,-1.89352943608597,-2.64098691890639,-1.96335525015748,-0.553396340668399,-0.19151234748704,0.256077652282681,0.863735132136247,1.40868078562159,1.52134683781817,1.36193813787227,-0.80293997605385,-0.844660786555796,-1.00345163780276,-0.806707425644539,-0.582872109945538
"L-lysine","L-lysine [cytoplasm]",0.000133961624165816,0.0224634343736304,-0.166381898205239,-0.487843259502626,-0.880909628899938,-1.63438785389238,-2.50044259623985,-2.77369715954585,-2.64865128625961,-2.39311552552516,-2.01274157870745,-4.09474292886292,-3.2347350884829,-3.02085968153285,-1.8242820015182,-1.7238322360754,1.21433314947196,1.09834943019073,1.00351998379121,0.541667708029564,-0.432161312725443,-1.11228230684456,-1.57186352530203,-1.47579619171323,-1.51805420267123,-1.61980865560764
"L-methionine","L-methionine [cytoplasm]",0.000287630200706247,0.0712517350785893,0.173220658636271,0.0874753107979843,0.206796190994537,0.0262742348928282,-2.84920724986537,-3.15306212940596,-3.1291559266044,-2.23040350677346,-2.0722088072854,-2.7802029742725,-3.54350699750933,-2.5309539802547,-0.882397109020955,-0.480666408362268,-1.029445053358,-0.625393854417506,-0.197878511219682,-0.0854496410666627,-0.281533445414193,-1.67108414287801,-1.49318098513224,-1.70351833624477,-1.32216933120348,-0.97298465917963
"L-phenylalanine","L-phenylalanine [cytoplasm]",0.00151502433224701,0.123292970409596,-0.309012504231957,-0.567095587024841,-0.670019931565963,-1.14672345725351,-2.10820294830441,-2.71614636190974,-2.83373294392109,-2.10793454759465,-2.48773869603957,-2.06974377451144,-2.73596550266256,-1.96791068856631,-0.61138010293371,-0.414600910561845,1.41781241720184,1.56907162441314,1.49809329548907,1.0729607568195,0.402615227115385,-1.20495832181547,-1.64925275825259,-1.75623547118535,-1.68331689808249,-1.5795031921309
"L-proline","L-proline [cytoplasm]",0.00118137558045553,0.0472627877560728,0.126579105795525,0.0437726311021657,-0.204213086869461,-0.592413141908429,1.65735205039362,1.12354091868168,0.938277241768109,1.1848889978593,-0.161097061501075,-0.355729727065047,-1.23191488559765,-0.522162933700745,0.0360989212811702,0.0816545402288804,1.1776413831531,1.08016079270452,1.09818524843021,0.900691548940049,0.494720801613598,-0.361207420159878,-0.695749807161139,-0.692857229649025,-0.738267716611059,-0.673488131401603
"L-serine","L-serine [cytoplasm]",0.00588880254794825,0.0169816293991744,0.129300223504577,-0.0801313431970874,-0.293455931318764,-0.637116395874194,-1.37088939207319,-1.55258820066425,-1.39405944487439,-1.07083779515055,-0.541127371787692,-3.08788719415301,-2.91052458637097,-2.17112616221778,-0.639127820199785,-0.210313090503899,-0.47471943565082,-0.352538552764729,0.0628228221440846,0.0835162008897535,-0.404964814764585,-2.05856676781813,-1.88161297233255,-1.81479410654853,-1.31330330354722,-0.869876498024208
"L-threonine","L-threonine [cytoplasm]",0.00150330675266295,0.0117668138709359,0.276834572513286,0.246053034073504,0.384568865288804,0.0958439123065136,-1.31862908875191,-1.35301981722773,-1.15525834356971,-0.818413799357321,-0.221267464022693,-1.31829918330629,-1.08651354151767,-0.459678570894699,0.659973685486744,0.840115445968686,1.44509050940037,1.52169599461199,1.39207825762703,1.16895017685939,0.68563956046525,0.274000042173565,0.19514607694007,0.372282046384531,0.584410013133549,0.638609684651478
"L-tryptophan","L-tryptophan [cytoplasm]",0.000139170669367739,0.084144515959319,-0.312801361761414,-0.533771296990046,-0.621369014096834,-1.13160219069159,-1.01920602093427,-1.74509472122193,-1.90464442039594,-1.22795040822054,-1.85884605343143,-1.93617696304485,-2.54824667124576,-1.79266329106394,-0.44066773282387,-0.209892432189727,2.10832446376633,2.30316279509205,2.31217623210506,1.89943840792814,1.15287519318454,-0.426674955308283,-0.965533158730428,-1.01152816725464,-1.03779781001657,-1.01834607332026
"L-tyrosine","L-tyrosine [cytoplasm]",0.00135402773695346,0.119933431867682,-0.510776319897648,-0.779589854456124,-0.891789432635993,-1.65622999576216,-1.33782525449004,-2.34960791154646,-2.6502108792593,-1.79118573414326,-3.00275498580733,-2.30414224117653,-3.01004931426274,-2.37697522603541,-0.984443985901567,-0.928642839176949,3.55036070790793,3.71878317250403,3.55631132500397,2.83824836726996,1.77607070740255,-0.586734355242345,-1.60651624207503,-1.65514067118469,-1.93526770306937,-2.09701629732737
"L-valine","L-valine [cytoplasm]",0.00652325405360397,0.0571151756774233,0.499409591596259,0.530647154158759,0.739294222387179,0.403293869940086,-1.48177911768361,-1.71551343401442,-1.63982209756282,-0.912230162377859,-1.04688641976745,-1.49621426723259,-2.09849482224461,-1.05629827579813,0.355805416001625,0.515315722376814,1.0461102889079,1.2167782985503,1.21693993127204,1.05418555585039,0.641671994755695,-0.483749038295605,-0.589818633976858,-0.549065582776263,-0.311107957187025,-0.157834262858992
"N-acetyl-alpha-D-glucosamine 1-phosphate","N-acetyl-alpha-D-glucosamine 1-phosphate [cytoplasm]",1.21065012197124e-05,-0.0786511375736438,1.45385314765575,2.19735053304933,3.45493459676088,3.63760186861754,1.3413349871031,1.70704079420348,1.93624098009788,2.4150758929358,2.45458249352665,3.07862121891767,2.86454014423873,3.44438046517459,3.85512690961971,3.5611851052005,3.95150546795556,4.23531461244672,3.92156768908052,3.87898099706496,3.98683670148541,2.78639883221529,2.69397766464075,3.2242430362989,3.33729636326499,3.21080335173811
"N-acetyl-L-glutamate","N-acetyl-L-glutamate [cytoplasm]",NaN,-0.141348468422187,0.479105282035253,0.533575377853965,0.314384022612305,0.115159857251544,0.718912467177285,0.903773559670896,1.05791942808477,0.753341816127953,1.0252863427792,-3.28669293751198,-1.93034945008159,-2.4561788801636,-2.05367304153072,-2.00654067700018,-1.57016693430957,-1.55086294467619,-0.570209133643771,-0.141057842886225,-0.280831427924799,-3.61020990443817,-3.34097880292617,-3.06484060716739,-2.67840071641882,-2.20916156680962
"N-carbamoyl-L-aspartate","N-carbamoyl-L-aspartate [cytoplasm]",NaN,-0.128258684203036,1.65327517188631,2.17147410177075,2.8135534527129,2.61430916488587,-1.11467424171146,-0.276802790419491,0.330233761575124,0.559797276852121,1.55189727850187,1.04634534465902,1.39075939741286,2.52733819211763,2.61335774760553,2.40682876653442,2.08074805041793,1.81423887374639,0.447205140796751,0.249530437799399,0.175683001814671,9.05338855196584,9.14459991128697,9.3231976050917,8.64710312208231,7.36638664687429
"NAD","NAD [cytoplasm]",0.000306328471031703,-0.0416129657307819,0.244031720546292,0.357947266902837,0.466637477509709,0.425725898651902,1.93523982859464,1.84012544955051,1.83187446281823,1.76868232244376,1.39834508126017,0.824336279760805,0.761984874715306,0.956262560817991,1.05429473767361,1.06945790951658,1.38152303550886,1.38823514853543,1.41526734042138,1.39765156196424,1.28753860854132,0.876920073352523,0.7861646151699,0.973687847905185,0.979111059463026,0.976612411905505
"NADH","NADH [cytoplasm]",1.11472114325731e-05,-0.0675114182613459,0.471531101170822,0.949427732020004,2.20459866254725,2.64323867543508,-1.50281423754877,-1.29015701131011,-1.10366832166603,-0.422563260033457,0.826673685511194,0.886660523149834,1.16574705162168,1.26730158828169,2.23112883333069,2.38826378872334,2.21652420871024,3.01727238347647,3.36766439845163,3.56332500125512,3.7577139942676,0.801944551324511,0.961795474234162,1.26180588638169,1.65707607223469,1.85989211802053
"NADP(+)","NADP(+) [cytoplasm]",2.42648001812638e-07,-0.0863704945602956,0.9217429073722,1.24531776748441,1.56232162970502,1.44782002430167,2.15287156417827,2.40266268167137,2.59034754517556,2.43854400932868,2.31576912097669,1.01759303835856,1.43416949119185,1.62453927406418,1.7223631150542,1.5272448296036,2.04285431621181,1.91222572025927,1.80544871357976,1.76918679596379,1.61838583974987,0.868107003123792,0.812439277403257,1.25962910920431,1.35781725887096,1.35103015919875
"nicotinate","nicotinate [cytoplasm]",NaN,-0.0141459653179913,0.103270847107129,0.260297143843748,0.679478831182397,1.19062403200053,-0.87500800241389,-0.705673028226954,-0.667918758849059,-0.38476185496452,0.256352299870007,0.272465588664754,-0.0870365273325375,0.038905244466818,0.349833859837634,0.63018554882084,-1.94461557531019,-1.4798785761448,-0.901954715331914,-0.385054735716705,0.197088023101647,-0.9275639942982,-0.334942626092243,-0.462261590323191,-0.0375645852858699,0.369048877881703
"ornithine","ornithine [cytoplasm]",0.000596161365002098,-0.136784335598372,0.524368842738032,0.468069323928359,0.419216548180679,-0.28428315603357,-1.373438212365,-1.08784417399028,-0.562856980451053,-0.728791763264616,0.89994303117791,-3.93584664317566,-1.58267188094478,-1.590072253273,-0.263180470648263,-0.148769302007204,2.58985481374822,2.45642229606712,2.40357017495761,2.06018941608143,0.982434447264255,0.286190773374491,0.0621060569581724,0.679199277990535,0.856983935826966,0.745100576741311
"orotate","orotate [cytoplasm]",NaN,-0.202217975060616,0.544450459079753,0.980435387868418,1.83377606969676,2.21473915301911,-0.281976891290047,-0.127911037178975,0.107437827982401,0.689038967161559,1.66156021997081,0.128471940643732,-0.00818513680232946,0.867168798820476,1.50951408058327,2.07236413602156,0.479514696927016,1.21460193611868,1.27440328673782,1.79089228461096,2.15182846288642,8.48531217701919,8.92340024128443,8.76764155417407,8.28689927582343,7.41840176411316
"orotidine 5'-(dihydrogen phosphate)","orotidine 5'-(dihydrogen phosphate) [cytoplasm]",NaN,-0.173343709087061,-0.20560700998294,-0.13276261211394,0.0522536094507355,0.295407435623887,-0.191136155348283,-0.191633625243903,-0.0621187368510677,0.10358474578182,0.936088813988731,-0.427064609630438,-0.413355814903279,0.159538708789771,0.218711163733453,0.831460390253729,-0.526728644587794,-0.0984459081347328,-0.275585423199232,0.091147472091109,0.327252574033629,9.04784829258592,9.37130506204081,8.9877755106799,8.1862913231639,7.06574822401775
"phosphate","phosphate [cytoplasm]",0.00193067239338741,0,0.269482283425493,0.408887590280594,0.582884645637092,0.68912327834458,1.67057942681824,1.67419329586172,1.69808129260709,1.6150544732204,1.58136403249827,0.69645149959249,0.79082630828807,0.853259818333795,0.909479989789974,1.00587099077991,0.687880146002446,0.80912661203322,1.01029283909255,1.16498482137936,1.22469485755631,0.978251723683371,1.0692367170378,1.21242850845621,1.26769705161123,1.29976126657732
"phosphoenolpyruvate","phosphoenolpyruvate [cytoplasm]",NaN,-0.0777380578232428,0.514019703336302,0.869892150420317,1.25436047064879,1.68024062463692,5.52230005916128,5.88354903702048,5.97013661158631,5.13771114503159,5.00274975354719,5.28218612286358,5.52265190934026,5.26234543879547,4.29672793163367,4.0764744672388,2.7567001856626,2.52111087436707,2.30735771518266,2.32164729977914,2.6078975289648,1.00223745440649,1.11948551381288,1.74479270600349,2.05985679892941,2.34220981114179
"prephenate","prephenate [cytoplasm]",NaN,0.0241498794339892,0.0660156795829055,0.0687443035576881,0.178902126638261,-0.150167401437778,-0.299521802017964,-0.514964379353958,-0.525426930695295,-0.282246907011922,-0.536888614184332,-0.343737096985767,-0.283754903704238,-0.0988656474338383,0.36050486185601,0.250444740121239,2.3878224632156,2.36865149046978,2.0937837365663,1.70797117973999,1.22104401598141,0.361027523021345,-0.104955790635356,0.0537093952990974,-0.0671135038971098,-0.215540923174311
"PRPP","PRPP [cytoplasm]",6.11881146299409e-07,-0.13641340251433,-1.57598374257277,-1.81261710682069,-1.95733799325321,-1.56362914303154,3.72857845434784,3.54748976795584,3.43252868633431,2.29244960828578,3.23365343919708,2.38561153477435,4.04615666053732,2.54740298721381,1.44943360298434,1.72581113506012,2.75534585249811,2.87761313931091,2.99430902170816,2.87799139532544,2.73978542591872,2.4854636667827,2.240889522658,2.57209865101008,2.35973123391918,2.19478723604047
"pyridoxine","pyridoxine [cytoplasm]",NaN,0.0084561791440714,0.129136760648001,0.325672564505337,0.944594285624879,1.39814243206722,-1.48536246655087,-1.2130459799064,-1.09434878401039,-0.793383731394757,0.196378840754213,1.02456712319383,0.929516838966986,0.986065731953456,1.29248245764763,1.42392221482544,-0.259959430571606,0.140539887094046,0.306794723981232,0.526658197464535,0.925219712196427,-0.285579875098481,0.0826146723297962,0.110832613258251,0.49120384997079,0.768263843132579
"pyruvate","pyruvate [cytoplasm]",0.00406050918327183,0.00587399346512964,0.177271254030458,0.315752655259039,0.718787424097307,0.680401717961868,-1.1612607998397,-1.01264116184046,-0.898605400276197,-0.709084026084603,-0.239518577281003,0.604896193968725,0.899026670696632,0.866698213427729,0.989146575909948,0.82111300947719,1.9463824775114,1.99706712725007,1.58496921167356,1.31257160276534,1.1529457252514,1.20853934819525,0.970394379261544,1.13036236627507,1.03431921727275,0.809740105113002
"quinolinate","quinolinate [cytoplasm]",NaN,0.225194660146353,-1.41726072158848,-2.2948106889136,-3.60217803079995,-4.02572690252461,-2.50032951858439,-2.78117026054276,-2.89106249817726,-3.29691130386218,-3.18223217984906,-1.14842188707068,-1.48310871102212,-1.37139083306235,-1.77606613009555,-1.67565538423875,-1.79238352023402,-2.52082305357739,-3.45967417932736,-4.12167987925331,-4.58425448672302,-0.694644136884851,-0.933423625612835,-1.42753659679581,-1.68491201747821,-1.88572685582187
"riboflavin","riboflavin [cytoplasm]",NaN,0.0505743789279628,-0.175834918829795,-0.361349616960045,-0.738261202049552,-0.818868640644259,-1.99117480189489,-1.9211270390476,-1.94859632613507,-1.93611157843343,-1.89430468221983,-1.90756006611429,-1.86387959736628,-2.10953386306861,-2.22265215211304,-2.2822249442876,-2.61979169503608,-2.74452905571668,-2.56746744749885,-2.46058623931723,-2.3535707256933,-2.53685892336177,-2.39126630406898,-2.64769134917746,-2.59606433671239,-2.45139408321847
"ribose-5-phosphate","ribose-5-phosphate [cytoplasm]",7.88295971420859e-06,-0.176735026490387,1.63070397140853,2.50430805780039,3.90334069392692,4.3911017825548,3.05504746720293,3.55333154272797,3.85420089504245,4.11376004508922,4.52740946044975,3.3339025736864,3.42532901592575,3.92878064477192,4.42937630767089,4.39368927316775,3.10276407504257,3.61263479582818,3.90883798786703,4.32186804004342,4.72110757164176,2.4830583120344,2.8397803236944,3.50403727660574,3.94932213330411,4.1521108399717
"S-adenosyl-L-methionine","S-adenosyl-L-methionine [cytoplasm]",NaN,-0.0196136408770244,0.027784177946141,0.00496316710070591,-0.0541149833240079,-0.343309056783354,-1.34072908401462,-1.27904893219886,-1.22336743595602,-1.22168794253837,-1.05204519542082,-1.70864511361595,-0.907710359193744,-1.36784363684812,-1.33490846194917,-1.5561746309552,0.51184963982928,0.420088993913902,0.373055646096923,0.187840174385114,-0.124985719922115,-0.918241631895184,-1.21203953114839,-1.1192500995118,-1.27278352562288,-1.42257761308654
"sedoheptulose 7-phosphate","sedoheptulose 7-phosphate [cytoplasm]",1.35249675660251e-05,-0.174477001397741,1.41172031238376,2.12848569165538,2.98052642082845,3.24601682884609,5.53225720344405,5.70466256271459,5.78880622690994,5.69901779478377,4.89524620636764,3.35245450680145,3.18109708889283,3.5663978939348,3.59491978026951,3.47379603189461,2.94523899792918,3.15549358235489,3.52561898716082,3.88174608752985,4.13542551924175,1.85978274160323,1.99064857592853,2.61202907198917,2.85336115488819,3.03801102980005
"succinate","succinate [cytoplasm]",0.00086001255218134,-0.00393899856775692,-0.61984211745741,-0.549812714079332,-0.125860385468334,0.579098491299319,-0.548467188806916,-0.732685751176073,-0.945727126824888,-0.576817423090208,-0.306415417634878,0.996019444216519,0.165845436702349,0.0821417355774548,0.0564713273520352,0.469995544631305,-1.83925596122332,-1.13635764859508,-0.496476171986765,0.0470868089373834,0.780018368842321,0.579221631742749,1.02300728802696,0.643287927712505,0.747384758216129,0.924115463932691
"sucrose","sucrose [cytoplasm]",NaN,0.1644597224828,-1.01172080565321,-1.3265624528574,-1.98714055227309,-2.07779322662006,1.68839528298267,1.25555259434976,0.767269821664744,0.330165630661238,-1.51712336232069,3.14197744271514,1.97860014229717,1.48368446489018,-0.322937180172893,-0.831854145489052,0.655385023991584,0.0359337847775039,-0.927737429890432,-1.51753403039974,-1.47631424519128,0.915976621683128,0.205363576080331,-0.151901163518024,-0.926992685929935,-1.43929589833612
"thiamine","thiamine [cytoplasm]",NaN,-0.0958198225022256,0.392773856044353,0.778538886884678,1.36385812722374,1.71454604973431,0.288019071878221,0.497048451220303,0.492290863134555,0.655085374134669,0.687570234770184,0.783475058052178,0.861163680496258,0.514611108443163,0.176581318345364,0.0637204748703788,-0.153793623840412,0.195109106495236,0.508238976589947,0.8738949784633,1.34360984026431,1.14724352779035,1.29623235997393,1.31107662626788,1.18569022056243,1.043851371581
"trans-aconitate","trans-aconitate [cytoplasm]",NaN,0.232590091838274,-0.458978994301247,-0.849874717228807,-1.2521265917903,-1.29653430753326,-1.85450481628121,-2.1222791869791,-2.22922455955008,-1.8841038276296,-2.12753865324187,0.682040217247575,-0.938677165375243,0.0982629222385526,0.527568230795761,0.733479119167035,-1.27128523984775,-1.47535840159017,-2.0078730167571,-2.30453552035081,-2.31672532608976,-1.03648627824685,-0.930509668134817,-1.32730342669046,-1.08846981972651,-0.834059411271409
"trehalose","trehalose [cytoplasm]",0.0179473046887983,0.1644597224828,-1.01172080565321,-1.3265624528574,-1.98714055227309,-2.07779322662006,1.68839528298267,1.25555259434976,0.767269821664744,0.330165630661238,-1.51712336232069,3.14197744271514,1.97860014229717,1.48368446489018,-0.322937180172893,-0.831854145489052,0.655385023991584,0.0359337847775039,-0.927737429890432,-1.51753403039974,-1.47631424519128,0.915976621683128,0.205363576080331,-0.151901163518024,-0.926992685929935,-1.43929589833612
"UDP-D-glucose","UDP-D-glucose [cytoplasm]",7.85259300068711e-05,-0.0713986266096046,0.884440677659055,1.26168864976048,1.57748943805622,1.54961930099269,4.00251161682982,4.13215843675798,4.16641963210151,3.85284252749086,3.02771530892247,2.46320864239186,2.56017436430465,2.55945207829064,2.25176479052761,1.91374582048741,2.5640632584061,2.37033667023904,2.34404640142439,2.3009294483501,2.25396579974824,-0.137546855205865,-0.302193970531642,0.223618699795412,0.368454671500388,0.537376534967086
"UDP-N-acetyl-alpha-D-glucosamine","UDP-N-acetyl-alpha-D-glucosamine [cytoplasm]",0.000212520238280719,-0.000302805048907201,0.905521424852745,1.24162233705253,1.69471082999853,1.58550841475288,1.77321814581633,2.12786823747141,2.31516315891851,2.11533622148669,2.01817143840303,2.60089468189714,2.95284158596968,2.96895441855728,2.8117418416962,2.32290908414718,3.39370048402478,3.08095067034715,2.54325752943544,2.16427469683394,1.94578265990074,-0.416427934026005,-0.700326317326985,-0.100489880618088,0.121746445352564,0.249494813352142
"uridine","uridine [cytoplasm]",NaN,0.110326767678009,-1.88990200003974,-2.80294050615383,-4.10867397747883,-4.39507532656815,-1.81589588708882,-2.27693026458033,-2.46748952876432,-3.03418179618388,-2.55714581329238,-3.00606258072984,-2.38273202495787,-3.05706237147202,-3.23918006999742,-2.86950662863064,-2.39554461668582,-2.70821419795847,-2.64001769745324,-2.91916166831211,-3.37906347079207,-2.68673954956662,-2.81592129407255,-3.21680770871287,-3.27761130454166,-3.1459032694088
"UTP","UTP [cytoplasm]",4.44913412138542e-05,-0.131267641275688,0.830417942993926,1.31726670242271,2.08183995039546,2.40510509123274,3.01271688904689,3.25988217521494,3.40648680032918,3.29512142810665,3.5807896120561,1.7750812741775,2.33671537865318,2.19868156290746,2.5384699751755,2.54061911648404,2.02011724250316,2.35896873878387,2.99463119852483,3.32553559440474,3.49367855696513,-1.13774570039213,-0.904138964792216,-0.293585589502214,0.30185774735446,0.865839678191111
