r_0214,r_0909,r_0910,r_0563,r_0536,r_0818,r_0718,r_0151,r_0208,r_0207,r_0538,r_0816,r_0153,r_0039,r_0996,r_0065,r_0040,r_0997,r_0195,r_1051,r_0225,r_0118,r_0959,r_0821,r_0914,r_0855,r_0279,r_0908,r_0152,r_0759,r_0115,r_0915,r_0468,r_0564,r_0042,r_0962,r_0911,r_0489,r_0958,r_0079,r_0570,r_0912,r_1054,r_0886,r_0727,r_1022,r_1074,r_0989,r_0545,r_1088,r_0491,r_0091,r_0893,r_0514,r_1050,r_0486,r_0988,r_0918,r_0061,r_0528,r_0471,r_0961,r_0451,r_1838,r_0450,r_0219,r_0473,r_1041,r_0109,r_0663,r_0799,r_0466,r_0467,r_0547,r_0542,r_0892,r_0216,r_0669,r_0831,r_0565,r_0016,r_0300,r_0713,r_0215,r_0353,r_0832,r_0773,r_0032,r_0027,r_0476,r_0211,r_0250,r_0203,r_0889,r_0566,r_2197,r_0202,r_2199,r_0505,r_0813,r_0280,r_1667,r_0697,r_0770,r_1026,r_0307,r_1055,r_1049,r_0302,r_0984,r_2140,r_0568,r_0548,r_0658,r_2132,r_0891,r_0364,r_1072,r_0112,r_0154,r_1045,r_0485,r_0361,r_0888,r_0887,r_0883,r_1038,r_0800,r_4039,r_0971,r_0973,r_0970,r_0990,r_0957,r_2115,r_0175,r_2141,r_0723,r_0173,r_0811,r_1027,r_0902,r_0309,r_0310,r_0722,r_1136,r_0097,cstm_PPK,r_0096,r_0352,r_0025,r_0699,r_0029,r_0023,r_0060,r_1574
0.200244132497364,0.404902597402597,0.404902597402597,0.389047558869371,0.404902597402597,0.165369680145969,0.407602364984116,0.554182689628267,0.230466544911174,0.241383913402262,0.341879199117559,0.441954638807036,0.808849270664506,0.447188053415019,0.447188053415019,0.447188053415019,0.447188053415019,0.447188053415019,0.788969813567862,0.788969813567862,0.632867756315007,0.156533676533677,0.975359274449001,0.447018581081081,0.746104688734114,0.746104688734114,0.47336860670194,0.584616209837473,0.554182689628267,0.144882836678751,0.144882836678751,0.537524874443286,0.239381982030021,0.406871315307989,0.369306648961396,1,0.586850271528317,1,0.40589283841879,0.969936563390641,0.747779336138382,0.747779336138382,1,1,0.281058735101471,0.29893018018018,0.658178478061188,0.42744202545116,0.46340618913655,0.103558368795843,0.945971376219482,0.566687797147385,1,0.792262190247802,0.447740306780452,1,0.375937894658643,0.444956300856761,0.81008822743071,0.850617180283819,0.131450116256746,0.276797528489406,0.579634314627415,0.335363385819184,1,0.250558491941573,0.41358094591024,0.568904551427547,0.478837848449156,0.202872134769401,0.83381610527187,0.330102610638001,1,0.727562739259889,0.646947622306965,1,0.463908025801922,0.30224530227532,0.426759904336072,0.651261981205034,0.273568818514007,0.567841004518735,0.402363473589973,0.568716397849462,0.232037020151363,0.426759904336072,0.425222959067002,0.381676530077159,0.611047596124917,0.286933453462472,0.287353146255147,0.200244132497364,0.32081625314635,0.382438899645636,0.325564910645945,0.725334268896425,0.277919043573249,0.725334268896425,0.71917068306465,0.365476708750544,0.634363531002511,0.315170455900947,0.453366325864694,0.0391221166203196,0.572522615131579,0.587627981467711,0.39465690474336,0.447740306780452,0.634363531002511,0.953773943676067,0.432039507884249,0.458465268863215,0.0672703940003459,0.651200428007758,0.658035768049618,0.399868990865752,0.232743362831858,0.912061206120612,0.142296855310292,0.339375975039002,0.69949719018042,0.375644156491403,0.824256406031144,0.351431049436253,1,0.820956123117223,0.860058828772618,0.83381610527187,0.30397362424912,0.791917519566526,0.791917519566526,0.791917519566526,1,0.646087834427057,1,0.0707024011316177,0.432039507884249,0.602425960932577,0.35502781030445,0.83381610527187,0.412239663939863,0.668332692554146,0.442565176908752,0.520385981655268,0.709971067673418,0.299315687540349,0.273568818514007,1,0.30224530227532,0.232037020151363,0.140832595217006,0.202872134769401,0.202872134769401,0.035171475668106,0.035171475668106,0.0588611644273832
0.289204534946087,0.377086038961039,0.377086038961039,0.36788407262311,0.377086038961039,0.168847371457979,0.29071655488881,0.557030596890152,0.207310863910565,0.243774574049803,0.348597787211285,0.412170729529422,0.840032414910859,0.468381754654669,0.468381754654669,0.468381754654669,0.468381754654669,0.468381754654669,0.573038339975264,0.573038339975264,0.627221396731055,0.172320892320892,0.826781367743657,0.231680743243243,0.717677891864723,0.717677891864723,0.478924162257496,0.504505712599903,0.557030596890152,0.149893005570784,0.149893005570784,0.448801288733062,0.623123683579065,0.285647489327099,0.321141989945936,0.900821048703116,0.540153866046031,0.72273343665246,0.35348642130649,0.863234347706169,0.683652797257285,0.683652797257285,0.812948245784067,0.77632171259941,0.382932460002148,0.263603603603604,0.805553592877835,0.59207200815856,0.5522181346029,0.102555439129226,0.785618778784727,0.490015847860539,0.969355133357691,0.868265387689848,0.32777213731032,0.770742650505592,0.516677809969542,0.349584535239161,0.75146600124766,0.899571752456125,0.313365259497856,0.232747515374078,0.572567847286109,0.437007342879719,0.751013747403818,0.258549222797927,0.36172573887442,0.620833831083503,0.54161758932077,0.132317889235868,0.612637590002483,0.420424403183024,0.787089592651277,0.774705798950801,0.733874384798409,0.700520620661494,0.519066216156918,0.260340997778712,0.415399812831444,0.89388577722575,0.245960211124645,0.516495381293238,0.318549686660698,0.464269713261649,0.217780614570986,0.415399812831444,0.351982620626572,0.342085549479362,0.663938865154341,0.300573116099807,0.255805080843562,0.289204534946087,0.309304802156478,0.487652065904358,0.309304802156478,0.665107394846607,0.333930088602986,0.665107394846607,0.696027920890809,0.380822812363953,0.633964329405705,0.432592981367941,0.238617576680444,0.0390222828888615,0.479111842105263,0.579991992221015,0.446218552846795,0.32777213731032,0.633964329405705,1,0.565326633165829,0.488327865734798,0.167229437623438,0.624418604651163,0.80152947552237,0.41009498162233,0.287503352105122,0.921422142214221,0.162522831211859,0.317878315132605,0.781248151434487,0.467729877896835,0.818414764768888,0.309376505733834,0.77632171259941,0.526915520628684,0.862108922363847,0.612637590002483,0.229096181730304,0.671425346177002,0.671425346177002,0.671425346177002,0.751013747403818,0.889954568399798,0.776637956063099,0.0550517802038018,0.565326633165829,0.819911783238815,0.399956088992974,0.612637590002483,0.427234136634977,0.864218890170447,0.448896648044693,0.589364296696888,0.789923082351281,0.0155919948353777,0.245960211124645,0.956849756187322,0.260340997778712,0.217780614570986,0.145650481788657,0.132317889235868,0.132317889235868,0.0490941183335278,0.0490941183335278,0.0765465142897392
0.303704525698644,0.386513798701299,0.386513798701299,0.387147731580943,0.386513798701299,0.194937853812205,0.328295975997176,0.510176670567909,0.27347390558415,0.232323673608077,0.344586689841896,0.459996428252523,0.902512155591572,0.476729048006509,0.476729048006509,0.476729048006509,0.476729048006509,0.476729048006509,0.398378452659063,0.398378452659063,0.666210995542348,0.251514371514372,0.756893734787103,0.283175675675676,0.826236806203777,0.826236806203777,0.489462081128748,0.557850131416618,0.510176670567909,0.19883278804492,0.19883278804492,0.477115512176632,0.626829658463753,0.336621264484651,0.326301811628569,0.916309012875536,0.504797000258598,0.691882991088725,0.273985530040893,0.937206950445895,0.712677263518778,0.712677263518778,0.765080441946113,0.729355274346021,0.464109309567272,0.290484234234234,0.856850137779976,0.692502106149958,0.618134602899805,0.114898530889806,0.766008022582083,0.394706814580032,0.972734746072342,1,0.306999972559888,0.712716801714324,0.511403313275388,0.405183622508288,0.758800463416808,0.97648837014023,0.254724930139295,0.200571245373204,0.563350965961361,0.469751575539152,0.738927900306597,0.286666493087198,0.359819574982071,0.671425158284554,0.412004318806439,0.151666560448665,0.48929073905487,0.372958257713249,0.778846346697687,0.800014178363817,0.841693556272612,0.662617394855043,0.505463162051867,0.244383742570691,0.372345845897889,1,0.247489511435918,0.469428560003199,0.247202327663384,0.459655017921147,0.232219385429014,0.372345845897889,0.280379602103819,0.355079032137239,0.785305975088754,0.334284355682359,0.260488613490153,0.265830858531317,0.316186894738594,0.580535564242136,0.316186894738594,0.46727478267649,0.322399563053769,0.46727478267649,0.637693202592654,0.378863735306922,0.488532612194965,0.22621847937591,0.199902110071786,0.660659701297475,0.532586348684211,0.589143739632786,0.495287794999611,0.306999972559888,0.488532612194965,0.970286823722503,0.582221452088026,0.505729092378643,0.207739845093881,0.524602203182375,0.547570301680014,0.476090832999745,0.313944757307589,1,0.165963441743243,0.342589703588144,0.917953268263827,0.373700473461251,0.82549229628409,0.247123446082683,0.729355274346021,0.385749836280288,0.841697120955522,0.48929073905487,0.174580542705241,0.619777242624925,0.619777242624925,0.619777242624925,0.738927900306597,0.726905603230692,0.795993419142553,0.0488405264551205,0.582221452088026,0.803150598613737,0.533665105386417,0.48929073905487,0.489321246959982,0.900102524669999,0.480679702048417,0.637771061979747,0.854491567285301,0.0426107165913493,0.247489511435918,0.930812402244917,0.244383742570691,0.232219385429014,0.133531953726816,0.151666560448665,0.151666560448665,0.047580668689462,0.047580668689462,0.0768634770818292
0.210490299432207,0.444845779220779,0.444845779220779,0.480306668351658,0.444845779220779,0.286371504764281,0.41421196611366,0.623641531516469,0.282417399966794,0.291733410999466,0.469298392218471,0.408536476471114,0.817341977309562,0.515579380653807,0.515579380653807,0.515579380653807,0.515579380653807,0.515579380653807,0.388777426595209,0.388777426595209,0.830490341753343,0.236791076791077,0.672301690507152,0.708006756756757,0.790981546636031,0.790981546636031,0.596693121693122,0.62886874430081,0.623641531516469,0.25156954637899,0.25156954637899,0.641571117217853,0.275521902578185,0.472331774750966,0.374561320307313,0.852584437395036,0.610912852340316,0.598072452537776,0.317479291181713,0.968465569550428,0.792815957612592,0.792815957612592,0.701608838922272,0.635072275296354,0.632583485450446,0.233989301801802,0.873666360488942,0.836163703276726,0.713481930318113,0.127707803177726,0.731590155004209,0.374009508716323,0.757809645597369,0.907434052757794,0.284224679636693,0.551195339181678,0.640702770967982,0.449993541998536,0.764103021121112,0.974724997900747,0.424747754858252,0.188668357086649,0.538856945722171,0.588837281014512,0.636326772821679,0.334053688129768,0.443890839089571,0.619997610799188,0.411410482921084,0.158026894398063,0.403699412397583,0.394632137372609,0.679937423534367,0.778250389905005,0.895798702780222,0.502113107390772,0.576330685857212,0.245845590442457,0.273011334095872,0.807597665862061,0.268453105968331,0.39672091814292,0.186244404655327,0.471454973118279,0.24475699826753,0.273011334095872,0.214895952435399,0.406285114989887,0.790841807569649,0.443626898916335,0.315296470247727,0.210490299432207,0.397617225198842,0.745332992364739,0.397617225198842,0.452598136670175,0.396103896103896,0.452598136670175,0.515040717965764,0.401683355100856,0.424093747987895,0.420640790132882,0.184413748096585,0.0377843446187804,0.617804276315789,0.506949608190814,0.574499571617727,0.284224679636693,0.424093747987895,0.914092992534177,0.557557603686636,0.504160129320592,0.124270748955612,0.471664626682986,0.719967483591257,0.813457549401361,0.281027085009386,0.823078307830783,0.142339331983519,0.61179407176287,0.85022182786158,0.560627959132818,0.782137266210761,0.266820853811313,0.635072275296354,0.277869460816416,0.839973853878837,0.403699412397583,0.116736863909411,0.570228777844672,0.570228777844672,0.570228777844672,0.636326772821679,0.725607557510637,0.675118552211362,0.0524519042708296,0.557557603686636,0.835475740390674,0.645894320843091,0.403699412397583,0.524054982817869,0.888888888888889,0.453533519553073,0.663856635385186,0.892809258344506,0.0306139444803099,0.268453105968331,0.85696016192842,0.245845590442457,0.24475699826753,0.14249671202727,0.158026894398063,0.158026894398063,0.0516250437623993,0.0516250437623993,0.0999430640910505
0.093338142003736,0.470008116883117,0.470008116883117,0.480475167445975,0.470008116883117,0.248179280445394,0.774973526297211,0.816585855208159,0.58946261552936,0.336585602640649,0.457933616338537,0.811634967407804,0.922771474878444,0.589910496338486,0.589910496338486,0.589910496338486,0.589910496338486,0.589910496338486,0.270308277220466,0.270308277220466,0.914175334323923,0.438198198198198,0.71458104097896,1,1,1,0.551719576719577,0.839188971732017,0.816585855208159,0.352480325404545,0.352480325404545,0.767033071164598,0.538832751219772,0.477454767229112,0.284985298302191,0.795997387572308,0.924359968968192,0.581315381635025,0.390164621998532,0.890245472097086,0.908563191522518,0.908563191522518,0.632932738902888,0.616865903066073,0.832196929023945,0.293153219837158,0.920370239525189,0.99237352015253,0.830772560051937,0.144665654470415,0.574803149606299,0.189708399366086,0.670716112531969,0.904556354916067,0.265793156436078,0.559432130181477,0.764244855508506,0.594566668101778,0.843792888334373,0.929633050633974,0.539735275923121,0.170714931071668,0.551535188592456,0.628018578834776,0.58169320541984,0.33168432837764,0.519910919865625,0.629196033926651,0.380776441181065,0.41569477194995,0.27196888190019,0.497556889571409,0.545418078982731,0.770877640720261,0.990417522245038,0.452378521845651,0.718416780025451,0.359728642612715,0.239650037230082,0.644184575004101,0.283854378129652,0.357939776862478,0.121217547000895,0.401579301075269,0.244392267712228,0.239650037230082,0.09708209467185,0.479848677803581,0.847343402130092,0.668568711364717,0.507992264277539,0.093338142003736,0.324929282172452,0.622785226317905,0.324929282172452,0.676801933497057,0.426052919043573,0.676801933497057,0.425004154894466,0.476055724858511,0.630809349043848,0.400815898084309,0.229693278224929,0.223930689978145,0.5986328125,0.518160498770234,0.531466625126568,0.265793156436078,0.630809349043848,0.950941734552952,0.497097556749264,0.498740075120049,0.206083387183384,0.56922344621243,0.683928463900765,0.50201972415299,0.280973451327434,0.591053105310531,0.168044798731363,0.550951638065523,0.766696243714877,0.699526538749066,0.677605668616627,0.291779897851017,0.616865903066073,0.163929273084479,0.81156965861485,0.27196888190019,0.0779603673272112,0.557126730885009,0.557126730885009,0.557126730885009,0.58169320541984,0.74666474363597,0.728442852995258,0.066529955865328,0.497097556749264,0.763011972274732,0.940500585480093,0.27196888190019,0.636657086004864,0.688645392797642,0.429040968342644,0.68357987381369,0.811657610613224,0.0224512588766946,0.283854378129652,0.686696108197626,0.359728642612715,0.244392267712228,0.137974071986472,0.41569477194995,0.41569477194995,0.0698119675574746,0.0698119675574746,0.116736222390486
0.0923690099687436,0.177991071428571,0.177991071428571,0.379847508319643,0.177991071428571,0.134854888261622,0.110690963642781,0.496828846904085,0.137816149205822,0.213203242561041,0.263639402346492,0.265898740959014,0.491653160453809,0.433599770257981,0.433599770257981,0.433599770257981,0.433599770257981,0.433599770257981,0.715725344693326,0.715725344693326,0.175780089153046,0.31040755040755,0.35567336867727,0.625244932432433,0.527651324764845,0.527651324764845,0.283505291005291,0.350737542241056,0.496828846904085,0.269590591564241,0.269590591564241,0.232696863451151,0.0271895912762951,0.467818662329742,0.259546618609504,0.306003918641538,0.546961468838893,0.13858485083301,0.37804340987732,0.409717753056909,0.715716066697834,0.715716066697834,0.356774568714867,0.389026159155704,0.266299795984108,0.796875,0.188320497421041,0.636367667272647,0.896862151049556,0.0809710668691059,0.734957658594563,0.810554675118859,0.302964011691633,0.559360511590728,0.974700216776884,0.411504721087524,0.368783894212911,0.342450596288802,1,0.712981778486859,0.355079033255829,0.588705792876157,0.905071297148114,0.24098521787731,0.39264167738107,0.264691332309214,0.310897218133092,0.444331621072751,0.842915169504765,0.167269984917044,0.794512952081437,0.657650425799246,0.479803044585732,0.673940167304693,0.593461751572635,0.374703960800327,0.466979683180482,0.417692261511677,0.685816782780493,0.449790255677158,0.202503721748545,0.948334466349422,0.715577439570278,0.350940860215054,0.19247515273092,0.685816782780493,0.59963411845415,0.264989886882913,0.682712557915639,0.140691243086318,0.172567128441936,0.0923690099687436,0.298103098272821,0.522102071384211,0.298103098272821,0.932697930066659,0.298482825585629,0.932697930066659,0.75988864882832,0.77575823537948,0.815852166634473,0.240976214900876,0.952142701762019,0.0364629090460252,0.299655633223684,0.452639707144083,0.321578783394345,0.974700216776884,0.815852166634473,0.865084766117572,0.704383988910068,0.553796415157134,0.255376662146296,0.429679662943891,0.463268501234419,0.207849630627024,0.215433091981765,0.543726372637264,1,0.561466458658346,0.612244897959184,0.472055818589584,1,1,0.389026159155704,0.533202357563851,0.567846213269157,0.794512952081437,0.628909756265967,0.722057495484648,0.722057495484648,0.722057495484648,0.39264167738107,0.745727266171486,0.705506629246105,1,0.704383988910068,0.823251417769376,0.367278981264637,0.794512952081437,0.444262072707542,0.698769703960015,0.455381750465549,0.360850432108584,0.669134147202032,0.0901420271142673,0.202503721748545,0.0583705952709541,0.417692261511677,0.19247515273092,0.18443513970529,0.167269984917044,0.167269984917044,0.0371032209125919,0.0371032209125919,0.0413495571325433
0.0950507684625201,0.216298701298701,0.216298701298701,0.392240616706685,0.216298701298701,0.144492615754098,0.273230674196964,0.626818257816419,0.151286734185622,0.255351681957187,0.266560818263863,0.233936065720154,0.620664505672609,0.450179485952233,0.450179485952233,0.450179485952233,0.450179485952233,0.450179485952233,0.699830516238377,0.699830516238377,0.235554234769688,0.278833118833119,0.229675569337468,0.574974662162162,0.602613628204208,0.602613628204208,0.363849206349206,0.491460601834469,0.626818257816419,0.284711291891414,0.284711291891414,0.302804889604852,0.346908577065614,0.740963610489937,0.270644029213696,0.241392983765628,0.640897336436514,0.187509686168152,0.423655237496068,0.523168152983359,0.619370422315724,0.619370422315724,0.312754409769335,0.370699744910719,0.377375711371202,0.784262387387387,0.428969123154102,0.862590342748193,1,0.0992579603532707,0.646709255682662,0.633724247226624,0.338696565582755,0.763589128697042,0.694920835277008,0.37413781557624,0.611061585320556,0.295983123089508,0.862641475804295,0.770274582248719,0.587837837837838,0.254449010521407,0.724758509659614,0.270742189758514,0.340322421125507,0.294816049157706,0.331540406899936,0.49250388245132,0.893688486174035,0.13954708644021,0.696366796325416,0.610254083484573,0.418259491766782,0.695462923578619,0.849157459013722,0.299326255614537,0.593444205537759,0.406946028696644,0.664968285328065,0.506339199925008,0.218311002842062,0.789338985084176,0.657296329453894,0.354821908602151,0.21373210540713,0.664968285328065,0.655339583809742,0.249599220915424,0.936759131114989,0.231306154115674,0.1939061451632,0.0950507684625201,0.314682684947918,0.629945566799401,0.314682684947918,0.745604802557206,0.367186551765991,0.745604802557206,0.801853082931694,0.842511972137571,0.824673234176808,0.339170265047594,0.371622797476615,0.0457819340879553,0.395646587171053,1,0.378358906456889,0.694920835277008,0.824673234176808,0.800444346590341,0.714304280020794,0.501497646555413,0.388248250252564,0.52410887447335,0.750225808394051,0.222478983951381,0.234902118530437,0.573330333033303,0.72974924603905,0.736287051482059,0.568104111209701,0.320797408422626,0.91126307983851,0.870945359930616,0.370699744910719,0.178039729316743,0.67563954006596,0.696366796325416,0.422150107022026,0.546515653220951,0.546515653220951,0.546515653220951,0.340322421125507,0.677853897742843,0.675360495499855,0.931233676690808,0.714304280020794,0.867800882167612,0.380305913348946,0.696366796325416,0.585938536369666,0.625297962322184,0.474068901303538,0.516197444462118,0.841295603697693,0.428599096191091,0.218311002842062,0.0853914803569786,0.406946028696644,0.21373210540713,0.183858066940441,0.13954708644021,0.13954708644021,0.0563732640914926,0.0563732640914926,0.0470466698362946
0.0685309511919954,0.231461038961039,0.231461038961039,0.384304309364337,0.231461038961039,0.120098872479454,0.18571743734557,0.612495123446469,0.110800265648348,0.245424979369934,0.230303840625731,0.194999553531565,0.664732576985413,0.499593165174939,0.499593165174939,0.499593165174939,0.499593165174939,0.499593165174939,0.492281617882827,0.492281617882827,0.265319465081724,0.255444015444015,0.241752525757727,0.796469594594595,0.675601349895886,0.675601349895886,0.350679012345679,0.462768867671512,0.612495123446469,0.211884339906269,0.211884339906269,0.320662370889794,0.491881515450449,0.26417971132344,0.243706724841127,0.21862754245195,0.610744763382467,0.0844682293684618,0.45366467442592,0.536517422083295,0.682756739909615,0.682756739909615,0.295425470052336,0.383454208973141,0.494416407172769,1,0.403327916342825,0.793774664124507,0.956459640770396,0.0962502405748134,0.461407418412321,0.466719492868463,0.292341066861527,0.656115107913669,0.398924347611338,0.303244492064555,0.543198870811975,0.27713436948379,0.786302468585688,0.794012931396423,0.295372128245056,0.234615720905832,0.992352805887765,0.336828107233026,0.292710908911087,0.282813028874945,0.349941493979542,0.487385019710907,0.744552414605418,0.143685339791388,0.787031366382521,0.638070640792964,0.441635411861449,0.749184744080533,0.82093152113686,0.270079624336464,0.641493703102374,0.374197034279882,0.742421019040527,0.685430385976424,0.198592502368385,1,0.766875559534467,0.349098342293907,0.220224309291511,0.742421019040527,0.804802195289275,0.230092141733463,0.862145736807269,0.173959506469455,0.184473299917117,0.0685309511919954,0.263549535758262,0.700197274686735,0.263549535758262,0.60700502865162,0.391066877048185,0.60700502865162,0.896626225693867,0.812182556958352,1,0.419376386668893,0.263144442027409,0.0604012226909365,0.372239925986842,0.46365040324887,0.391775060362957,0.398924347611338,1,0.826064330177539,0.753824884792627,0.513859173679456,0.56212172235217,0.650083595265164,0.818419943397363,0.22548127661123,0.260176991150442,0.544878487848785,0.492948872244326,0.710670826833073,0.444572611653357,0.436855220533267,0.827716898739392,0.494748000385468,0.383454208973141,0.187234228334425,0.693020768339424,0.787031366382521,0.839052682455293,0.517685129440096,0.517685129440096,0.517685129440096,0.292710908911087,0.699415879425975,0.611971353914642,0.809454381660206,0.753824884792627,0.862129804662886,0.439915105386417,0.787031366382521,0.658633650232147,0.554985262078688,0.458095903165736,0.582842903345528,0.79302801496013,1,0.198592502368385,0.0818170944889134,0.374197034279882,0.220224309291511,0.165123332528116,0.143685339791388,0.143685339791388,0.0515046971641965,0.0515046971641965,0.0425968644162308
0.0817030091179789,0.292394480519481,0.292394480519481,0.331724166982602,0.292394480519481,0.120786613227703,0.170349452876809,0.629827787995319,0.135491726160828,0.244502694043978,0.234090985058662,0.164541476917582,0.706782820097245,0.503135021299,0.503135021299,0.503135021299,0.503135021299,0.503135021299,0.599835096880583,0.599835096880583,0.315084695393759,0.167179751179751,0.288890000333433,0.559814189189189,0.588971063402025,0.588971063402025,0.343734567901235,0.40355093064421,0.629827787995319,0.181996639844372,0.181996639844372,0.323410404624278,0.476044471698616,0.300365928034153,0.216162382623542,0.248777757044225,0.584574605637445,0.105119139868268,0.575568837160533,0.591146455824216,0.694834034595605,0.694834034595605,0.327980228726497,0.419101685589957,0.633496188124128,0.638063063063063,0.401243552603688,0.747306345053873,0.904566111231335,0.108932275516969,0.438973901847175,0.425293185419968,0.333202411399342,0.699904076738609,0.272444639574129,0.310828366704614,0.61459029789763,0.29717139535885,0.706853221638,0.768712738265178,0.576062842637428,0.20494010667133,1,0.364715632046563,0.253862130353081,0.295493009086885,0.37094704261503,0.468199737187911,0.681565380409311,0.0796465064899199,1,0.880811112662292,0.419482941896147,0.683567276336311,0.694664450311268,0.291108615761535,0.54486813813682,0.281875487782914,1,0.618851210423941,0.231113817837326,0.9821250049986,1,0.393441980286738,0.177021975015957,1,1,0.256989287587085,0.690294241530778,0.250694496583828,0.215021510044599,0.0817030091179789,0.20381377084096,0.985825448434589,0.20381377084096,0.434393638170974,0.298291661609419,0.434393638170974,1,0.836090552895081,0.842315369261477,0.456163370470215,0.218033500108767,0.182929884047659,0.339951685855263,0.500343190527941,0.430913622556274,0.272444639574129,0.842315369261477,0.76284501911491,0.622350230414747,0.451595112442353,0.282280451066231,1,0.842355633166737,0.208995960551694,0.266183963529096,0.457281728172817,0.186033669842978,0.711419656786271,0.113149955634428,0.48531771741839,0.740957402982615,0.575233689891105,0.419101685589957,0.116105653787383,0.756930207683394,1,1,0.557262191450933,0.557262191450933,0.557262191450933,0.253862130353081,0.689514675128002,0.38830446143424,0.237904452583874,0.622350230414747,0.786389413988658,0.272793471896955,1,0.675082909573292,0.550672818146867,0.562756052141527,0.57176183659403,1,0.0269567462879277,0.231113817837326,0.126276566381452,0.281875487782914,0.177021975015957,0.0997436723300319,0.0796465064899199,0.0796465064899199,0.0486236725405532,0.0486236725405532,0.0451883287256335
0.0785126412546931,0.299573863636364,0.299573863636364,0.36480475167446,0.299573863636364,0.155225114233582,0.254703494528768,0.60692191941147,0.119503016215618,0.282000873743993,0.25277267105659,0.184293240467899,0.713444084278768,0.49332312257694,0.49332312257694,0.49332312257694,0.49332312257694,0.49332312257694,0.462324217855343,0.462324217855343,0.419227340267459,0.172320892320892,0.337034443666433,0.715853040540541,0.623752423350327,0.623752423350327,0.359744268077601,0.481070643136834,0.60692191941147,0.210858608188169,0.210858608188169,0.3929356581067,0.36423867544725,0.351591786948567,0.20011381959594,0.28833271132674,0.612160589604344,0.152247191011236,0.532075076019713,0.654445159510895,0.716962755181549,0.716962755181549,0.297567358015119,0.422657930275596,0.760308171373349,0.545891931902295,0.59973150568784,0.848312863033743,0.843973165981389,0.114011077133631,0.423290249096221,0.391315372424723,0.363335769090245,0.703029576338929,0.257991932607085,0.289985267528293,0.75986182304435,0.36673698712705,0.616709740664825,0.809110756570661,0.811408093176049,0.186013231908134,0.655876264949402,0.438568427544472,0.250934625655227,0.282708881193532,0.340618276525875,0.469919961772787,0.654151943462898,0.100692541371912,0.611735496151618,0.821548233980176,0.336348502777833,0.724372607401106,0.871255826081288,0.235881992650061,0.527886260915354,0.274293089992195,0.574399500883851,0.548358369853062,0.219258357017188,0.744111648738353,0.59946284691137,0.339902553763441,0.196808607641105,0.574399500883851,0.588794877658358,0.394411566409469,0.804681388771888,0.39177115399054,0.22396758363921,0.0785126412546931,0.215724316948983,0.954334563255763,0.215724316948983,0.492846840525475,0.36661002548853,0.492846840525475,0.786230679740735,0.694347699898418,0.662030777155367,0.440728105541904,0.205188166195345,0.14579355110398,1,0.458960132700337,0.459108964872654,0.257991932607085,0.662030777155367,0.768819679349893,0.588387096774194,0.441282746160795,0.284200850072356,0.734190126478988,0.736827843680376,0.211998253211543,0.255859479753285,0.476606660666067,0.178777238166707,0.874352574102964,0.596746524696835,0.642162970346374,0.608799538600972,0.439741736532717,0.422657930275596,0.0698057192752674,0.804854859316041,0.611735496151618,0.49737623420562,0.582074051776039,0.582074051776039,0.582074051776039,0.250934625655227,0.632256436143362,0.323962063292364,0.190174207492226,0.588387096774194,0.848330182734719,0.361815720140515,0.611735496151618,0.812646473579483,0.63357682942458,0.560428305400372,0.707597688351625,0.921106485075153,0.00507230471271788,0.219258357017188,0.107231576041954,0.274293089992195,0.196808607641105,0.113167995276056,0.100692541371912,0.100692541371912,0.0590938265841989,0.0590938265841989,0.0546825382849965
0.0863026873069596,0.193733766233766,0.193733766233766,0.358721934369603,0.193733766233766,0.113747017450837,0.299060183551006,0.463439781530402,0.354114782223698,0.224061938740838,0.379817495069693,0.354098580230378,0.38952188006483,0.255482697554205,0.255482697554205,0.255482697554205,0.255482697554205,0.255482697554205,1,1,0.285634472511144,0.28959244959245,1,0.872128378378378,0.513147124290946,0.513147124290946,0.218395061728395,0.480571796384702,0.463439781530402,0.323812892386595,0.323812892386595,0.287316402918601,0.0545631482123337,0.309737751575524,0.213734231243479,0.562978167568576,0.70758986294285,0.428390158853158,0.339729474677572,0.519279213018295,0.765427769985975,0.765427769985975,0.400135685210312,0.541239433801831,0.269247288736175,0.437494859774653,0.468451918321204,0.60191548796169,0.505388444059727,0.0928255244530932,0.715396424503541,1,0.615317866276946,0.528209432454037,0.874379167467003,0.451382843367039,0.262721937448927,0.304232143625953,0.892433829426967,0.672029557477538,0.377045158813115,0.234950890385008,0.505335786568537,0.278663248983368,0.430224507961626,0.176001770510584,0.289333031366776,0.398435073467925,0.757873769723481,0.160518768720923,0.58136224447571,0.592349574200754,0.39403116789346,0.674110307670495,0.586226003063785,0.432472437729686,0.42839966650577,0.331572311940926,0.410918165748154,0.228834571488833,0.145676004872107,0.324281201263646,0.267081468218442,0.253573028673835,0.149756086441142,0.410918165748154,0.370775211525269,0.377518915274552,0.616402912329262,0.780814375453613,0.171527805186092,0.0863026873069596,0.192894642215031,0.414331640667811,0.234110952111551,0.72338517912135,0.471082655662095,0.72338517912135,0.612763835798571,0.580358438543027,0.481256841156397,0.624209747835007,0.750108766586905,1,0.3390625,0.38837728078705,0.31514526053431,0.874379167467003,0.481256841156397,0.90638698184584,0.415829145728643,0.470555793277231,0.391661281661555,0.40186998504012,0.875925814415608,0.176542086684377,0.254639313488871,0.325724572457246,0.144618913446699,0.645741029641186,0.702454895001479,0.352185397458261,0.788753398698196,0.818213356461405,0.541239433801831,1,0.782511810321776,0.58136224447571,0.230763653939101,1,1,1,0.430224507961626,0.742410038220235,0.456232459111584,0.15063475694321,0.415829145728643,0.715248897290485,0.353915398126464,0.58136224447571,0.503074697051908,0.837818787645777,0.901722532588454,0.545835321563014,0.670136193634888,0.132879276952873,0.145676004872107,0.130407581194222,0.331572311940926,0.149756086441142,0.0741887430549964,0.160518768720923,0.160518768720923,0.0407974967907574,0.0407974967907574,0.0502967123914843
0.125998261480701,0.255957792207792,0.255957792207792,0.374004802224188,0.255957792207792,0.123068165868721,0.290319449346982,0.551786211893217,0.383253085394875,0.309645162856172,0.423103920847679,0.440008036431824,0.608492706645057,0.332896185325229,0.332896185325229,0.332896185325229,0.332896185325229,0.332896185325229,0.656726673079566,0.656726673079566,0.341664190193165,0.286829686829687,0.677103130939282,0.981081081081081,0.558684569541179,0.558684569541179,0.274567901234568,0.545942176688301,0.551786211893217,0.373048014855425,0.373048014855425,0.305699801004454,0.37807609246274,0.349042488310632,0.22693730437257,0.596286620638179,0.683087664856478,0.273668151879117,0.433595470273671,0.6427599521927,0.817048465014804,0.817048465014804,0.386799767396782,0.577702195768519,0.382395576076452,0.545233983057817,0.559393768105702,0.601516427969671,0.491192382601168,0.0951286273335757,0.607190610607636,0.548526148969889,0.736618560467665,0.674340527577938,0.266114205745959,0.454161923257216,0.352425525592452,0.350372411417747,0.792888334373051,0.925266605088588,0.458995499050748,0.172641426947626,0.498608555657774,0.245263746217742,0.333478389872416,0.202481318509647,0.310908541878987,0.428909329829172,0.924175500588928,0.300002124360037,0.391401142100472,0.550886500069803,0.385025772678955,0.825038990500496,0.67171865323816,0.319109840751327,0.558032384044934,0.254169418262592,0.363169387542893,0.409763070938108,0.130899986466369,0.329159835246131,0.174552372426141,0.191397849462366,0.134275553934531,0.363169387542893,0.358714841070204,0.40268934002547,0.666345748841687,0.8313937482794,0.192564234124008,0.125998261480701,0.334620120469899,0.454535491177438,0.334620120469899,0.906950454137918,0.370281587571307,0.906950454137918,0.582225361475818,0.831737048323901,0.519393471122272,0.754252451272753,0.353464215792908,0.864327774107123,0.424470600328947,0.593662414917348,0.376828413427837,0.266114205745959,0.519393471122272,0.91758571685915,0.68926267281106,0.533399895402463,0.136521256359615,0.505269957840337,1,0.201917828159686,0.212268704746581,0.373276327632763,0.20468092938961,0.645865834633385,0.768470866607513,0.437139297283828,0.818431243305594,0.47036715813819,0.577702195768519,0.871250818598559,0.758861455269335,0.391401142100472,0.149199060968031,0.757826610475617,0.757826610475617,0.757826610475617,0.333478389872416,0.882959544241725,0.560147101519404,0.133502443804353,0.68926267281106,0.859042218021424,0.445257611241218,0.391401142100472,0.615299579924829,0.97116493656286,0.945949720670391,0.766290228513865,0.917366452614494,0.0608121368624919,0.130899986466369,0.148293311252185,0.254169418262592,0.134275553934531,0.0696083957377137,0.300002124360037,0.300002124360037,0.0508008519080406,0.0508008519080406,0.044866083220342
0.144848249459025,0.293413149350649,0.293413149350649,0.444837608997852,0.293413149350649,0.126519345632612,0.224880868337451,0.559048096750822,0.328186396590846,0.291199456337071,0.406491292576127,0.375578176622913,0.621734197730956,0.359924376585459,0.359924376585459,0.359924376585459,0.359924376585459,0.359924376585459,0.604598964774861,0.604598964774861,0.375084695393759,0.297400257400257,0.674669067386883,0.713251689189189,0.572994901988942,0.572994901988942,0.299995590828924,0.543313844338357,0.559048096750822,0.348961004509683,0.348961004509683,0.373988439306358,0.266523582264644,0.300817239276276,0.231622877738784,0.605150214592275,0.704357382984225,0.229591243703991,0.434014889378211,0.688388342373816,0.857059373539037,0.857059373539037,0.398875751114557,0.584554594107938,0.432755288306668,0.597129698165968,0.523952518900586,0.618099587638008,0.505475005410084,0.0955883925325578,0.592333977120784,0.435689381933439,0.771373766898064,0.702494004796163,0.237856378454024,0.450646219781692,0.374229254884481,0.342644336332716,0.776811335888067,0.975564698967168,0.528178928731415,0.167316604004547,0.491720331186753,0.263033129685663,0.333072890910889,0.203390007029968,0.335681123315593,0.475922828813762,0.862755819403218,0.259596796465065,0.361400314491434,0.531969845036996,0.404831625183016,0.850205586275344,0.683843421009745,0.316864026133116,0.505594804510948,0.242786816353485,0.34199334511802,0.445689109699796,0.142468534307755,0.313384252409325,0.183724261414503,0.19729502688172,0.141852831220936,0.34199334511802,0.309764463754859,0.3700951382126,0.666526265118238,0.821157744575419,0.192708950020392,0.144848249459025,0.291084561882259,0.509534943192197,0.291084561882259,0.968132382177523,0.381417647772788,0.968132382177523,0.592197108193452,0.907197794224351,0.484379627841092,1,0.32559277789863,0.426342672930174,0.483084909539474,0.407166962191844,0.387565230936989,0.237856378454024,0.484379627841092,0.949890914913633,0.765391705069124,0.546427043217801,0.518353007563278,0.464932680538556,0.94728126693563,0.200880672513556,0.230906409224993,0.402430243024302,0.225175924221615,0.744305772230889,1,0.436486419137802,0.729257641921397,0.425807073335261,0.584554594107938,0.68958742632613,0.816590902338295,0.361400314491434,0.150704273976386,0.688019265502709,0.688019265502709,0.688019265502709,0.333072890910889,1,0.530388077034743,0.1374141112415,0.765391705069124,0.858475110270952,0.461321721311475,0.361400314491434,0.667654211806323,1,1,0.84528922114416,0.975583939030414,0.0388979987088444,0.142468534307755,0.15060263133683,0.242786816353485,0.141852831220936,0.0740894328582548,0.259596796465065,0.259596796465065,0.0607349165596919,0.0607349165596919,0.0600351006943833
0.12914054263996,0.339078733766234,0.339078733766234,0.447112346771136,0.339078733766234,0.142460583565959,0.384989410518885,0.673800367831466,0.295755160772594,0.306635600213582,0.428853160410469,0.455531743905706,0.791329011345219,0.475896233188149,0.475896233188149,0.475896233188149,0.475896233188149,0.475896233188149,0.395249874032339,0.395249874032339,0.514430906389302,0.251051051051051,0.676469607548931,0.680287162162162,0.754003015724851,0.754003015724851,0.360335097001764,0.750791181676769,0.673800367831466,0.330904589265187,0.330904589265187,0.59385956600019,1,0.380691197397845,0.202769610167884,0.61685948871058,0.824088440651668,0.211739635800078,0.433301876900493,0.744745793876988,0.875837618824996,0.875837618824996,0.41868579182012,0.494773170609713,0.611591323955761,0.410917838638046,0.604401893591465,0.753336584933268,0.594806318978576,0.114107307059,0.49720200069331,0.271689381933439,0.641761052246986,0.73986410871303,0.261468594791867,0.458447733208331,0.547284748532798,0.46510526542386,0.710703145887176,0.919640607943572,0.969954563877216,0.223820349159162,0.50459406623735,0.29454391273344,0.382909702304421,0.236722472465957,0.373800626580606,0.48646517739816,0.529593639575972,0.352155163257069,0.256087064470744,0.534063939690074,0.410467518401893,0.918332624415143,0.749617026824419,0.303736218864843,0.497125806310062,0.291847271417422,0.21298221898721,0.528040120925219,0.152916497496278,0.354244811452793,0.126871083258729,0.237914426523297,0.182588675116258,0.21298221898721,0.168863480448205,0.410817289684621,0.657500451290691,1,0.291734091118391,0.12914054263996,0.299274518286798,0.530486245570453,0.299274518286798,0.605231356956301,0.552190799854351,0.605231356956301,0.424090078112016,0.694891887969816,0.427319554439508,0.675764009828948,0.215004350663476,0.230846444830065,0.34967619243421,0.373191099925642,0.464015889087935,0.261468594791867,0.427319554439508,0.903384640019215,0.624331797235023,0.563543003851091,0.169923457082268,0.390255677954576,0.852622388149575,0.27169838785982,0.237624027889515,0.469459945994599,0.201898707293245,0.949890795631825,0.680153800650695,0.544281086468976,0.697701244129521,0.251286498988147,0.494773170609713,0.246269373499236,0.821730992067029,0.256087064470744,0.11005316578057,0.582397652016857,0.582397652016857,0.582397652016857,0.382909702304421,0.72914112641523,0.494967579599342,0.0878189095535563,0.624331797235023,0.796093257718967,0.579222775175644,0.256087064470744,0.747866460313951,0.873382032551583,0.678957169459963,0.883145114256932,0.729870863030132,0.0295384118786314,0.152916497496278,0.297111049774588,0.291847271417422,0.182588675116258,0.0754395147220657,0.352155163257069,0.352155163257069,0.0555746003034193,0.0555746003034193,0.0752493147147041
0.0905139728864969,0.404971590909091,0.404971590909091,0.456885294241544,0.404971590909091,0.174196466166586,0.604527003176844,0.743075293986513,0.39468149869943,0.363720207756905,0.404318614834375,0.729038306991696,0.924068071312804,0.559469678839803,0.559469678839803,0.559469678839803,0.559469678839803,0.559469678839803,0.324300306903028,0.324300306903028,0.616879643387816,0.403655083655084,0.682504751425428,0.934543918918919,0.860271415236591,0.860271415236591,0.45299823633157,0.912996835273293,0.743075293986513,0.373702360951455,0.373702360951455,0.67208376764901,0.282560588690111,0.184931896726977,0.24281513800626,0.684549356223176,0.876389966382208,0.320152072839985,0.487302086610045,0.973154362416108,1,1,0.529753828261291,0.540289101185415,0.763287877160958,0.43819393042191,0.803857839327351,0.834212743315745,0.638779484959965,0.11931441524282,0.553508641608478,0.262614896988906,0.652995981001096,0.817426059152678,0.251672474823697,0.537735217303958,0.643451452343808,0.564730701338959,0.782345601996257,1,1,0.170027105010055,0.48060027598896,0.398288588663827,0.467846899416477,0.265029812273804,0.386215226663647,0.533018755226377,0.464414016489988,0.656575956493106,0.292650831747083,0.54090464889013,0.432900780200164,0.93463774280448,0.863889703725433,0.382697019191507,0.61946553161613,0.360268955994477,0.221971508786524,0.600524946685102,0.203193936933279,0.391670332306954,0.112430617726052,0.335287858422939,0.226183094738762,0.221971508786524,0.115746627029499,0.492546258146678,0.747758589566159,0.913807342893611,0.381076423149281,0.0905139728864969,0.276331991081234,0.562652979213093,0.276331991081234,0.591236892371263,0.437371040174779,0.591236892371263,0.44835466179159,0.68310114642287,0.568192646964136,0.495765441229096,0.177159016750054,0.679143462887264,0.454800575657895,0.4484356231768,0.50124620297531,0.251672474823697,0.568192646964136,0.862492744340586,0.550251256281407,0.563352826510721,0.580961655729797,0.50437916496668,0.746462335159872,0.3184795662142,0.298578707428265,0.530495049504951,0.172901298370312,0.853634945397816,0.875066548358474,0.519162721156242,0.653003213314658,0.26335164305676,0.540289101185415,0.268919449901768,0.814035713224589,0.292650831747083,0.0903645653524822,0.59564268512944,0.59564268512944,0.59564268512944,0.467846899416477,0.862839835580875,0.640278718668344,0.0976375899387172,0.550251256281407,0.833396345305608,0.761087529274005,0.292650831747083,0.817156754366571,0.841919774445726,0.635521415270019,0.868617782726261,0.79874391362642,0.00352156229825694,0.203193936933279,0.370512466648266,0.360268955994477,0.226183094738762,0.105416431811472,0.656575956493106,0.656575956493106,0.0606875072937332,0.0606875072937332,0.103717269189456
0.0848119994821432,1,1,1,1,1,1,0.617065150755169,0.978305384913388,1,1,0.935574604875435,0.849108589951378,1,1,1,1,1,0.425660757638221,0.425660757638221,1,1,0.722516755026508,0.381081081081081,0.609621598334171,0.609621598334171,1,0.613366947379714,0.617065150755169,1,1,0.717331564484033,0.639787239715253,0.976377312461883,1,0.546650494495242,0.651797258856995,0.700019372336304,0.587836845968334,0.672685483129539,0.733559295621007,0.733559295621007,0.4503973638302,0.601760616215675,0.75163749597337,0.259997184684685,0.548929555571257,0.663370726732585,0.717030945682753,1,0.778091417818056,0.324342313787639,0.611664230909755,0.605347721822542,0.289767582251736,0.407453291368111,0.860225837604933,1,0.55266019071384,0.720178016626081,0.508436613408989,0.297339045787065,0.630289788408464,1,0.442102660468796,1,1,1,0.615135453474676,1,0.352296615079037,1,0.461461320925009,0.830284985112718,0.921580131025716,0.393293180890159,0.830663916801966,1,0.235260476239992,0.341215345316491,1,0.330779381773104,0.239789615040286,1,1,0.235260476239992,0.27080722616053,1,1,0.269739970468253,1,0.0848119994821432,1,0.420103751872283,1,0.796768409152925,1,0.796768409152925,0.593859065979724,0.906036859672036,0.276833429914365,0.434239091538039,0.30555797259082,0.327311241641194,0.592876233552632,0.690670937482125,1,0.289767582251736,0.276833429914365,0.901453133444086,0.316396638364235,0.442105263157895,0.420203325657805,0.665505249782652,0.632474257843078,0.344117325958004,0.303070528291767,0.516075607560756,0.211109065937956,0.842870514820593,0.643951493640935,0.814303513580862,0.986569992584658,0.179930615784909,0.601760616215675,0.585592665356909,0.807618028939002,0.352296615079037,0.145670786439274,0.64726821192053,0.64726821192053,0.64726821192053,0.442102660468796,0.357496214033316,0.446956353430756,0.165321290139042,0.316396638364235,0.373301827347196,0.180324209601874,0.352296615079037,0.640504090205616,0.536960143534538,0.629469273743017,0.752346111022745,0.508348034718792,0.00878566817301485,1,0.213276290367099,1,1,1,1,1,1,1,1
0.0936636520002219,0.818709415584416,0.818709415584416,0.884999368128396,0.818709415584416,0.679288242908161,0.829774091069537,0.690464247896115,0.982898887597543,0.737342847434591,0.764247752114183,1,0.888816855753647,0.882209352414684,0.882209352414684,0.882209352414684,0.882209352414684,0.882209352414684,0.325564564151894,0.325564564151894,0.852481426448737,0.662702702702703,0.67110133039912,0.83566722972973,0.745673870898255,0.745673870898255,0.780114638447972,0.703373920506356,0.690464247896115,0.754726324166593,0.754726324166593,0.757604472661802,0.643946463326846,0.824964423663346,0.742008915868349,0.569229333830939,0.77159296612361,0.587611390933747,0.526664569571144,0.834366093591983,0.774466261492909,0.774466261492909,0.532835820895522,0.664532586405242,0.863121443143992,0.324690315315315,0.565385430650745,0.750144104997118,0.650248863882276,0.701141928447704,0.693210518496509,0.267923930269414,0.584901351845086,0.676994404476419,0.251672474823697,0.537400388401527,1,0.817755198691178,0.724846270385884,0.851624821563523,0.546801339619019,0.255597330302235,0.529438822447102,0.895272418910324,0.564790821877163,0.730491837425469,0.932925678481108,0.851212519412257,0.500539850804869,0.808510186306375,0.312761731358106,0.738971101493788,0.517298782566838,0.838508436126471,0.954303966624295,0.44733564720294,0.956996796700162,0.787686858377859,0.190631173962774,0.500995992594502,0.710650967654622,0.311304834646299,0.14787824529991,0.703517025089606,0.700123096562414,0.190631173962774,0.180301852275326,0.691999400704173,0.890968168963235,0.485171559426383,0.754469747799661,0.0936636520002219,0.704638619201726,0.392777554524531,0.806582581783088,0.741024441585779,0.78425779827649,0.741024441585779,0.467259431610437,1,0.436333784044814,0.682420020516735,0.223183597998695,0.0708057126676299,0.643914473684211,0.630612595092375,0.776189734402991,0.251672474823697,0.436333784044814,0.941864654430456,0.386306532663317,0.514810060381306,0.321580370063619,0.661773557145723,0.532305654242187,0.386422358892245,0.610042906945562,0.558586858685869,0.214054115281691,0.944617784711388,0.53326826382727,0.529429354597558,0.853423416000659,0.154553339115351,0.664532586405242,0.349198864876664,0.763496449475592,0.312761731358106,0.075422909618173,0.468791390728477,0.468791390728477,0.468791390728477,0.564790821877163,0.578091872791519,0.58971257137327,0.126263883456017,0.386306532663317,0.54047258979206,0.566122658079625,0.312761731358106,0.756489055936326,0.555888760733051,0.650791433891992,0.841471820157998,0.657300119963305,0.00110180761781795,0.710650967654622,0.111776612383844,0.787686858377859,0.700123096562414,0.568242209517675,0.808510186306375,0.808510186306375,0.787394970241568,0.787394970241568,0.652027681417176
0.0923486655939633,0.824715909090909,0.824715909090909,0.833607144361599,0.824715909090909,0.623364471406516,0.992587363219202,0.822326255364209,1,0.662831901364011,0.726209178727814,0.901509063309224,0.96871961102107,0.860048820179007,0.860048820179007,0.860048820179007,0.860048820179007,0.860048820179007,0.25974989693555,0.25974989693555,0.888974739970282,0.752689832689833,0.669067386882732,0.67277027027027,0.838156099662526,0.838156099662526,0.723456790123457,0.818752346725312,0.822326255364209,0.617331329029976,0.617331329029976,0.850895479958306,0.733623057029354,1,0.659432799013564,0.589848852397835,0.784005689164727,0.54644517628826,0.429946524064171,0.957892801323895,0.940431665887486,0.940431665887486,0.545212250436131,0.633971890161557,0.890905186298722,0.325028153153153,0.682957676817636,0.761362124772758,0.755810430642718,0.651284134892971,0.700589313128312,0.202519809825674,0.59485750822068,0.710303756994405,0.272535191943583,0.516908859572758,0.919619641928534,0.935290825332587,0.795374743783976,0.940549164497439,0.521320847287698,0.214353997260354,0.523901793928243,0.925029390791528,0.518652952230244,0.722836982841669,0.821915222889065,0.834070003583801,0.392770906949352,0.867269984917044,0.251866258379542,0.800991204802457,0.507069937222969,0.873458102934921,0.783579413969558,0.435963658636178,1,0.691781233115207,0.169158781324737,0.559911883949286,0.607470564352416,0.309657295957132,0.116987466427932,0.654793906810036,0.564033008115255,0.169158781324737,0.0880310999313972,0.778148175893325,0.76905951019917,0.416322546737743,0.712041678178158,0.0923486655939633,0.717188061848256,0.486464764549008,0.718459848913441,0.729544302810587,0.822824371889793,0.729544302810587,0.415190294166528,0.882237701349586,0.332470542785397,0.492019944175394,0.0826952360234936,0.189310167067212,0.602487664473684,0.475519075673511,0.780824051717423,0.272535191943583,0.332470542785397,0.888653149456576,0.388917050691244,0.519849759901108,0.279732054280852,0.747790017679859,0.580417896067923,0.427326321918556,0.279686242960579,0.574419441944194,0.232198734195138,0.847581903276131,0.625140490979,0.762222775978071,0.753283348438659,0.14736821817481,0.633971890161557,0.215254311285745,0.807410048429747,0.251866258379542,0.0929710695297935,0.529108970499699,0.529108970499699,0.529108970499699,0.518652952230244,0.546361866301291,0.66452143617536,0.102821537087744,0.388917050691244,0.519004410838059,0.396296838407494,0.251866258379542,0.657749281450365,0.586915288991414,0.667830540037244,0.893165791845607,0.658923152917931,0.0362427372498386,0.607470564352416,0.135780660594351,0.691781233115207,0.564033008115255,0.442789274498752,0.867269984917044,0.867269984917044,0.488373789240285,0.488373789240285,0.551227643851215
0.0824576004734691,0.616801948051948,0.616801948051948,0.686886557984751,0.616801948051948,0.40617251220311,0.920490645958348,0.865852978877557,0.66948918036416,0.49281588272414,0.57368720125681,0.731761764443254,1,0.754319628583736,0.754319628583736,0.754319628583736,0.754319628583736,0.754319628583736,0.28308826897531,0.28308826897531,0.710549777117385,0.497400257400257,0.630255743389684,0.842179054054054,0.897608961010986,0.897608961010986,0.606834215167549,0.851901517996031,0.865852978877557,0.498098859315589,0.498098859315589,0.823699421965318,0.593142613378836,0.513844277292133,0.443232476524708,0.606969583877589,0.782195500387898,0.492299496319256,0.389367725699906,1,0.960807230793206,0.960807230793206,0.585006784260516,0.593007552643425,0.906796950499302,0.354279279279279,0.768317671165124,0.803219083935618,0.75723869292361,0.482635844577978,0.685485069083346,0.379556259904913,0.623721227621483,0.720895283772982,0.271325083006339,0.542824616620907,0.69047619047619,0.709949627588582,0.949024151145174,0.869426484171635,0.692164935258858,0.214590073154382,0.465967111315547,0.764314760922775,0.509029769557907,0.52547712656547,0.680557128298041,0.73318599928324,0.357160384766392,0.73277675100376,0.29020110899611,0.787379589557448,0.530977356144327,0.891039274067773,0.794465630194583,0.438597386688444,0.900390539295274,0.587590802665546,0.164214411978788,0.598556396615969,0.441751251860874,0.33195905146559,0.11120411817368,0.532599686379928,0.443284398650497,0.164214411978788,0.106530985593414,0.571615851374635,0.721102352728804,0.456866131090923,0.555748510084067,0.0824576004734691,0.529601650637292,0.532696452708874,0.529601650637292,0.660721942852688,0.561536594246875,0.660721942852688,0.392695695529334,0.820236540415034,0.440390187367201,0.492520934227163,0.172046987165543,0.159988092558575,0.636358963815789,0.74455185036893,0.609704805670224,0.271325083006339,0.440390187367201,0.882208122335422,0.411328192687576,0.571768173822089,0.376998898728532,0.741738066095471,0.603510567832842,0.423832745005277,0.312241887905605,0.626624662466247,0.228135132456426,0.94390015600624,0.592901508429459,0.376466483927237,0.631754140232347,0.178924544666088,0.593007552643425,0.15443789565597,0.786433728496301,0.29020110899611,0.0837084858109508,0.483978025285972,0.483978025285972,0.483978025285972,0.509029769557907,0.618670224273455,0.707877673473338,0.0986807012552896,0.411328192687576,0.631064902331443,0.725958723653396,0.29020110899611,0.72876409462746,0.635069844931437,0.630959031657356,0.928529770425746,0.746171759226589,0.0894383473208522,0.441751251860874,0.128153463980127,0.587590802665546,0.443284398650497,0.281920176074295,0.73277675100376,0.73277675100376,0.391137384759015,0.391137384759015,0.474939395540216
0.0725406425123453,0.444886363636364,0.444886363636364,0.473819453220439,0.444886363636364,0.212825351278013,0.607350864807624,1,0.314267530023798,0.233352749866511,0.422134572316743,0.485846950620591,0.903808752025932,0.586607954817403,0.586607954817403,0.586607954817403,0.586607954817403,0.586607954817403,0.315908570381567,0.315908570381567,0.568784546805349,0.386718146718147,0.632089626888066,0.795574324324324,0.995404609750844,0.995404609750844,0.452072310405644,1,1,0.309682553718278,0.309682553718278,1,0.983323113018903,0.631632445619028,0.270397420089159,0.588309386079492,1,0.422491282448663,0.333333333333333,0.980877080077227,0.962755181549011,0.962755181549011,0.517765070750145,0.634872205271845,1,0.312591496011185,0.752914576414894,1,0.822505951092837,0.198105339691637,0.573862229485465,0.489318541996831,0.575310559006211,0.81638689048761,0.292676234119035,0.493002075939195,0.745821261421885,0.654583028372153,0.512957846894216,0.894869426484172,0.617344653256255,0.227553845705459,0.492433302667893,0.666891514252125,0.512194639501533,0.299138177936314,0.584380779828634,0.640604467805519,0.365267962308598,0.249399868289678,0.266341140445254,0.467297221834427,0.540644617822259,0.916134978023536,0.870799517616766,0.411361780318497,0.740664355610163,0.294909047247404,0.159197254861183,0.587518455156898,0.257978075517661,0.351933458631583,0.108249776186213,0.320413306451613,0.241542810248929,0.159197254861183,0.126668191173108,0.471346168252303,0.745231361694446,0.548814976099307,0.412203496862296,0.0725406425123453,0.390029618290126,0.62590874219121,0.390029618290126,0.66805052040697,0.411123922806166,0.66805052040697,0.35936928702011,0.681722536641997,0.770909793316593,0.464513204666364,0.115656950184903,0.0833393838625126,0.697419819078947,0.557913401590116,0.464054832930914,0.292676234119035,0.770909793316593,0.850683533155862,0.471981566820277,0.558027860980364,0.325530385080957,0.653637970896233,0.986842897573312,0.45492921867608,1,0.60022502250225,0.207314483129681,1,0.665246968352558,0.512135559431847,0.640891488835791,0.177824033921172,0.634872205271845,0.089491377428509,0.788127284071664,0.266341140445254,0.0908513429538079,0.471891932570741,0.471891932570741,0.471891932570741,0.512194639501533,0.729862262926372,0.598906416336011,0.0775102829439446,0.471981566820277,0.771644612476371,1,0.266341140445254,0.903559584346673,0.674996796104062,0.666014897579143,0.891681247017655,0.958718509632348,0.0281026468689477,0.257978075517661,0.128972306559941,0.294909047247404,0.241542810248929,0.132081219636578,0.249399868289678,0.249399868289678,0.145852783288598,0.145852783288598,0.201324200109176
1,0.308571428571429,0.308571428571429,0.371637389949029,0.308571428571429,0.286075199226487,0.29981468408048,0.433366772557543,0.297858210194255,0.561307703509538,0.301032857572618,0.231315296008572,0.756661264181523,0.370645670798832,0.370645670798832,0.370645670798832,0.370645670798832,0.370645670798832,0.891530392561037,0.891530392561037,0.290609212481426,0.284392964392964,0.748224467340202,0.194467905405405,0.658770733108351,0.658770733108351,0.280202821869489,0.318425146167462,0.433366772557543,0.286373684675922,0.286373684675922,0.434795792665593,0.285333404431173,0.387534051636512,0.224148724272029,0.748740436648628,0.441576157227825,0.343088919023634,0.59123414071511,0.477107658361681,0.545854760791647,0.545854760791647,0.866369451444078,0.612414345020757,0.416729303124664,0.353137593552101,0.587133469935703,0.400616325987673,0.462583856308158,0.127771956461305,1,0.800285261489699,0.570789185239313,0.547625899280576,1,0.622112100716534,0.461741326795929,0.489129030869247,0.827448533998752,0.924258963808884,0.763764158791783,0.204529159744688,0.552616145354186,0.458265076030605,0.498081297596677,0.190316869320697,0.365881553617937,0.614681638991757,0.654937180997252,0.118271620674272,0.501017959116114,0.538077621108474,0.699713191199182,0.973344676024387,0.633421335680063,0.430941200489996,0.385374522796086,0.13557063096596,0.326271186440678,0.644559536922031,0.175828934903235,0.746391010517055,0.231880035810206,0.331255600358423,0.163367374851828,0.326271186440678,0.319656986050766,0.281006067870252,0.554570070401348,0.626573566584078,0.208482982726184,0.107740530899171,0.36363938899797,1,0.36363938899797,1,0.273610268236436,1,0.370034901113512,0.476128283268031,0.528774708647222,0.462938664503662,1,0.177232100719529,0.633583470394737,0.905136418234857,0.537853415375029,1,0.528774708647222,0.98287664378215,1,0.64270432178006,0.509005852211189,0.688630490956072,0.556662853013789,0.9081480403217,0.260994904800215,0.927272727272727,0.121525762102312,0.470452418096724,0.510801538006507,0.437946673311737,0.748010216692758,0.701898429218464,0.612414345020757,0.508797205850251,1,0.501017959116114,0.229845335911068,0.951685731487056,0.951685731487056,0.951685731487056,0.498081297596677,0.847046945986875,0.270192586857641,0.0649652888904694,1,0.791304347826087,0.153684865339578,0.501017959116114,1,0.525727284377803,0.601489757914339,1,0.356650906781455,0.0218224661071659,0.175828934903235,0.132698500322017,0.13557063096596,0.163367374851828,0.152253267842285,0.118271620674272,0.118271620674272,0.0407646749912475,0.0407646749912475,0.0460734766709515
0.523849155708447,0.519521103896104,0.519521103896104,0.548380302455874,0.519521103896104,0.437612089265942,0.582818566890222,0.642980549517918,0.586667773534783,0.660404834716761,0.415449410034429,0.468523975354943,0.862155591572123,0.684774804958599,0.684774804958599,0.684774804958599,0.684774804958599,0.684774804958599,0.798314323668178,0.798314323668178,0.478739970282318,0.400480480480481,0.610916608315828,0.131469594594595,0.741724707402886,0.741724707402886,0.392275132275132,0.500209193799281,0.642980549517918,0.351065523034751,0.351065523034751,0.587652800151616,0.38443490548431,0.701768652165074,0.324632457554776,0.638178764694906,0.801655029738816,0.416224331654397,1,0.80055162269008,0.727170017141967,0.727170017141967,0.5859565807327,0.713649777422098,0.535971223021583,0.379134797269512,0.602903977955204,0.659202766815945,0.55516122051504,0.123366764322221,0.79804882880206,0.433629160063392,0.524981731823164,0.630079936051159,0.579123562824136,0.511886426036295,0.814686873189213,0.739268954234296,0.959718385170662,0.775245612561928,0.771550161052924,0.192162863221707,0.574287028518859,0.961319791084472,0.467837009197903,0.311401567422605,0.68686068017967,0.648668020547127,0.549273655280722,0.292396915429227,0.36841016303898,0.532772581320676,0.630477947812832,0.891819084077697,0.860532577165021,0.374683544303797,0.621045241125104,0.182595905625263,0.238385151294583,0.741229406388414,0.258235214508052,0.694005678410045,0.165393912264996,0.38555667562724,0.215482812072581,0.238385151294583,0.22212668648525,0.359495093265413,0.736747096696552,0.744500337863203,0.355659049348121,0.181733291365019,0.437019534759892,0.675337010923173,0.437019534759892,0.981639574318793,0.616094186187644,0.981639574318793,0.445321588831644,0.495283703381222,0.652565836069796,0.432759978051864,0.338949314770502,0.230100414582259,0.678042763157895,0.489160899159183,0.74480099696238,0.579123562824136,0.652565836069796,0.842046796501271,0.566589861751152,0.521323634288975,0.37001811182001,0.681966544267646,0.539501415065936,1,0.260874229015822,0.605607560756076,0.176993217891175,0.538377535101404,0.737533274179237,0.59352105656616,0.670379830271072,0.558215283800713,0.713649777422098,0.309521938441388,0.817214843866061,0.36841016303898,0.309673410205068,0.651693257074052,0.651693257074052,0.651693257074052,0.467837009197903,0.705841205740247,0.430005806638924,0.0806277633559736,0.566589861751152,0.782860743541273,0.318618266978923,0.36841016303898,0.723277265328269,0.514776368063565,0.473882681564246,0.759874874078787,0.567616964222708,0.0122440284054229,0.258235214508052,0.114996779832551,0.182595905625263,0.215482812072581,0.224038435730198,0.292396915429227,0.292396915429227,0.0581675224646983,0.0581675224646983,0.0700957345025739
0.228837226506871,0.598336038961039,0.598336038961039,0.547748430852184,0.598336038961039,0.375403521357391,0.606159548182139,0.827787995318509,0.513088715479551,0.457332168341343,0.538857505765952,0.536922939548174,0.797471636952998,0.656822859330876,0.656822859330876,0.656822859330876,0.656822859330876,0.656822859330876,0.45824744629197,0.45824744629197,0.717503714710253,0.419013299013299,0.545963789136741,0.455,0.757090543548503,0.757090543548503,0.500132275132275,0.645872445421874,0.827787995318509,0.353983552922451,0.353983552922451,0.543352601156069,0.468525875169968,0.880178898150031,0.396585412121787,0.614526963985818,0.812451512800621,0.467590081363812,0.579196812414805,0.768051852532868,0.835047529998442,0.835047529998442,0.583960069780965,0.637923273145601,0.573257811661119,0.290114318611728,1,0.868398882632022,0.674096515905648,0.148899771186622,0.672510275838162,0.280351822503962,0.567135549872123,0.810551558752998,0.463490931042999,0.400187504185361,0.858145754401605,0.726869591423774,0.735478121379556,0.878999076328827,0.617760617760618,0.212707295036577,0.556290248390064,0.749147185229441,0.424705765997429,0.39498008175593,0.590382365153059,0.788436268068331,0.250476050255202,0.270919635459818,0.269262600347596,0.405242216948206,0.635592370484767,0.896639727775415,1,0.277000816659861,0.921190047830094,0.194626883592484,0.235801185400853,0.595275479834079,0.287941534713764,0.442716039508937,0.109789615040286,0.446790994623656,0.305735387982128,0.235801185400853,0.121440658586783,0.44595100756611,0.786028040194958,0.535325474885502,0.496007156858876,0.227331864442346,0.399980032613398,0.585558762284003,0.399980032613398,0.933555529567692,0.584840393251608,0.933555529567692,0.548612265248463,0.597990132056305,0.875088532612195,0.366581577880096,0.232929084185338,0.703099928119713,0.585372121710526,0.493507979179775,0.916114962224472,0.463490931042999,0.875088532612195,0.886171213546566,0.425394212441518,0.562544572814149,0.703494034021097,0.75764993880049,0.200740651532486,0.72666399796208,0.256422633413784,0.755301530153015,0.199548331374687,0.683057722308892,0.817272996154984,1,0.717936887204416,0.263872024669943,0.637923273145601,0.0651211525867714,0.765427697061533,0.269262600347596,0.134968583856936,0.511837748344371,0.511837748344371,0.511837748344371,0.424705765997429,0.659969712266532,0.40565663408497,0.0624365341836271,0.425394212441518,0.862633900441084,0.356304888758782,0.269262600347596,0.835949590979439,0.606926823016788,0.515409683426443,0.9440644716611,0.550405758238656,0.0437036797934151,0.287941534713764,0.161891618364155,0.194626883592484,0.305735387982128,0.193789086614596,0.270919635459818,0.270919635459818,0.0658842922161279,0.0658842922161279,0.0649186755651036
0.291054023562485,0.463230519480519,0.463230519480519,0.518050465478748,0.463230519480519,0.257427132230245,0.703715142957995,0.79663378476286,0.470889368531739,0.482330954808019,0.489621285556707,0.494329850879543,0.938897893030794,0.573014885368305,0.573014885368305,0.573014885368305,0.573014885368305,0.573014885368305,0.379286335944299,0.379286335944299,0.602080237741456,0.343114543114543,0.575239238438198,0.226309121621622,0.914267250664178,0.914267250664178,0.415846560846561,0.669259239392802,0.79663378476286,0.351383853567955,0.351383853567955,0.629773524116365,0.878622657104007,0.678308599308803,0.25514559423314,0.641024444859115,0.81374450478407,0.380017435102673,0.57194086190626,0.981612576997334,0.843813308399564,0.843813308399564,0.553111068036441,0.600010003501225,0.688848920863309,0.317188913561971,0.957252879248216,0.768633884627322,0.653884440597273,0.130124243525864,0.614817015797554,0.648082408874802,0.54160577274388,0.850759392486011,0.403287325412288,0.505223330877921,0.728214842879429,0.684849528565893,0.829845824792799,0.854059954656142,0.72846583758186,0.174836058406925,0.50668123275069,0.778749975909187,0.480278904163782,0.273830291353139,0.589476465481448,0.598375343447617,0.380064782096584,0.250950651116351,0.275800711743772,0.449951137791428,0.562255560681121,0.94385367928541,0.885531762328477,0.335984075132707,0.698889815261749,0.200906525784955,0.204315275033794,0.676126643387781,0.229949925565029,0.556604150837765,0.113943598925694,0.351299283154122,0.23066928056898,0.204315275033794,0.109860507660645,0.402389692111769,0.710030687767014,0.614635733413419,0.347318151320204,0.291054023562485,0.360344770208659,0.650257553063238,0.360344770208659,0.800725061396328,0.450509770603229,0.800725061396328,0.486579690875852,0.582462632419097,0.71772583864529,0.525419280959992,0.232499456167065,0.376331418945901,0.628546463815789,0.615741005548247,0.631941740010904,0.403287325412288,0.71772583864529,0.880386701627269,0.491612903225806,1,1,0.783353733170135,0.563286565905943,0.759125150114633,0.290211853043711,0.612367236723672,0.177014456227788,0.771014040561622,0.644661342797989,0.671069025666584,0.621669275768312,0.242189457453985,0.600010003501225,0.101942807247326,0.780253736221291,0.275800711743772,0.141800731892564,0.526753461770018,0.526753461770018,0.526753461770018,0.480278904163782,0.648164707579145,0.517226362140714,0.0694459261366555,0.491612903225806,0.850661625708885,0.545228337236534,0.275800711743772,0.8766747733805,0.571818531334102,0.538966480446927,0.96320449605005,0.655380707077835,0.00486726920593932,0.229949925565029,0.170871285306836,0.200906525784955,0.23066928056898,0.153944225246262,0.250950651116351,0.250950651116351,0.0623504784688995,0.0623504784688995,0.0952121009350402
0.155789824113633,0.370073051948052,0.370073051948052,0.428366822528329,0.370073051948052,0.179810676356378,0.772458524532298,0.823663824332609,0.254939398970613,0.477598174845881,0.404017782531671,0.386369318689169,0.739230145867099,0.523093859187288,0.523093859187288,0.523093859187288,0.523093859187288,0.523093859187288,0.47423388759104,0.47423388759104,0.563310549777117,0.242024882024882,0.57320529492181,0.120625,0.914410856609464,0.914410856609464,0.431331569664903,0.700316472670708,0.823663824332609,0.239066230435936,0.239066230435936,0.572728134179854,0.618991121657291,0.416873348241513,0.207227544342218,0.72784101511476,0.789630204292733,0.471077101898489,0.554199433784209,0.955042750758481,0.880902290790089,0.880902290790089,0.611320023260322,0.526584304506577,0.922044453989048,0.459577267867423,0.985656751218823,0.791912384161752,0.613287167279809,0.118352115989137,0.746496310602684,0.428050713153724,0.579009864815491,0.82414068745004,0.354279285459485,0.505959954463269,0.655300497734195,0.513626383088647,0.778976918278228,0.926862037114787,0.701220162546129,0.20052169858063,0.417893284268629,0.601557230134716,0.491870240332311,0.234785325591689,0.442418752123202,0.542497909449289,0.376316200593657,0.245915917829754,0.282040883886452,0.498429429010191,0.476002326560902,1,0.86072813793553,0.396518987341772,0.56141120716135,0.248829321006184,0.204268482894874,0.46199995312976,0.206360806604412,0.465429679689687,0.112811101163832,0.281210797491039,0.195126287954773,0.204268482894874,0.133528470157786,0.487714435538243,0.71195619471689,0.541682308481618,0.293089158148163,0.155789824113633,0.315468068820926,0.781463485916779,0.315468068820926,0.786321287958523,0.249945381721083,0.786321287958523,0.426583014791424,0.645914961544043,0.649925954542528,0.424624853877902,0.0348123776375897,0.225183149518257,0.588250411184211,0.627552479551564,0.491042916114962,0.354279285459485,0.649925954542528,0.889283641240167,0.797880184331797,0.565111966909143,0.574126491494726,0.640949272405821,0.607846088998615,0.520415590086976,0.356999195494771,0.549198919891989,0.232488991462189,0.869079563182527,0.418988464951198,0.707749813107401,0.732915877070116,0.321827117664065,0.526584304506577,0.149879938877974,0.791514395222391,0.282040883886452,0.120109783884554,0.54046508127634,0.54046508127634,0.54046508127634,0.491870240332311,0.767217134203505,0.577373463660118,0.0987518224814196,0.797880184331797,1,0.867644906323185,0.282040883886452,0.916350153734853,0.872741253364091,0.620344506517691,0.966014527331531,0.783148683931974,0.0384254357650097,0.206360806604412,0.197506670346858,0.248829321006184,0.195126287954773,0.129625305311754,0.245915917829754,0.245915917829754,0.0528941533434473,0.0528941533434473,0.0772097882805942
