Row,rMat_producing1,rMat_producing2,rMat_producing3,rMat_producing4,rMat_producing5,rMat_producing6,rMat_producing7,rMat_producing8,rMat_producing9,rMat_producing10,rMat_producing11,rMat_producing12,rMat_producing13,rMat_producing14,rMat_producing15,rMat_producing16,rMat_producing17,rMat_producing18,rMat_producing19,rMat_producing20,rMat_producing21,rMat_producing22,rMat_producing23,rMat_producing24,rMat_producing25,rMat_producing26,rMat_producing27,rMat_producing28,rMat_producing29,rMat_producing30,rMat_producing31,rMat_producing32,rMat_producing33,rMat_producing34,rMat_producing35,rMat_producing36,rMat_producing37,rMat_producing38,rMat_producing39,rMat_producing40,rMat_producing41,rMat_producing42,rMat_producing43,rMat_producing44,rMat_producing45,rMat_producing46,rMat_producing47,rMat_producing48,rMat_producing49,rMat_producing50,rMat_producing51,rMat_producing52,rMat_producing53,rMat_producing54,rMat_producing55,rMat_producing56,rMat_producing57,rMat_producing58,rMat_producing59,rMat_producing60,rMat_producing61,rMat_producing62,rMat_producing63,rMat_producing64,rMat_producing65,rMat_producing66,rMat_producing67,rMat_producing68,rMat_producing69,rMat_producing70,rMat_producing71,rMat_producing72,rMat_producing73,rMat_producing74,rMat_producing75,rMat_producing76,rMat_producing77,rMat_producing78,rMat_producing79,rMat_producing80,rMat_producing81,rMat_producing82
(1->3)-beta-D-glucan [cytoplasm],-0.530727064202067,0,0,0,0,0,0,0,0,0,0,0,0.238283593244809,0.238283593244809,0.320238763795318,-0.163606698671325,-0.512667876017947,-0.512667876017952,-0.518208941234402,-0.518208941234403,-0.518208941234403,-0.518208941234403,-0.518624950033711,-0.518624950033993,-0.518624950033605,-0.518624950033171,-0.51862495003347,-0.518624950033602,-0.518624950033602,-0.518624950015772,-0.518730836316721,-0.518730836328196,-0.51873083631828,-0.518730836314237,0.084887593146691,0.0924437070950326,0.0924437070761313,0.092443707078293,0.0962699434714959,0.120688653973848,0.120688654015302,0.121814498659448,0.142928359733124,0.142928359741237,0.142928359718721,0.150050878338404,0.150050878351964,0.169321197565071,0.169321197577539,0.226584883897537,0.282535556831927,0.228762261234315,0.258330437033405,0.242739210441158,0.284405651345314,0.0586329090445707,0.0253849556746562,0.0166308579617186,0.016630857918916,0.024706363039017,0.0288274436863739,0.0288274436949407,0.0288274436975135,0.0326921946641538,-0.00948126437743676,-0.00948126444907628,-0.0443994983290383,-0.0443994983352515,-0.0443994983270908,-0.00435854470715891,-0.00435854470482586,-0.0117049508326531,-0.0117049508333282,-0.0117049508324634,-0.0117049508288463,-0.01170495083271,-0.0117049508327583,-0.0117049508326483,-0.0117049508325581,-0.0117049508051982,-0.0117049508326372,-0.0117049508327481
L-alanine [cytoplasm],0.296337668964177,0,0,0,0,0,0,0,0,0,0,0,0,0,0,0,0,0,-0.165271382643045,-0.0695197937771764,0.220936466177049,0.183460359864662,0.215126570821456,0.215558491917706,0.0351973192729079,0.0351973192743339,0.286160616799452,0.348829253059169,0.424611595979315,0.686076833223387,0.628299355898992,0.628299355900931,0.859231103129487,0.854521027434788,0.854521027427016,0.854575405962547,0.937870644284244,0.937870644283829,0.952936925463611,0.95293692545203,0.952936925458635,0.92114003993279,0.921140039937989,0.910217370294527,0.910217370292195,0.910217370287647,0.910217370292479,0.836934606925392,0.836934606931119,0.836934606930344,0.836934606925977,0.679033430607781,0.679033430633814,0.679033430613895,0.679033430617897,0.764837789826615,0.764837789826181,0.811554161153919,0.811554161153529,0.811554161156012,0.811554161153372,0.811554161153391,0.811554161152448,0.811554161153726,0.811554161152156,0.811554161153322,0.811554161152351,0.811554161153333,0.811554161151588,0.811554161152452,0.811554161153351,0.811554161152709,0.811554161153326,0.811554161153351,0.811554161153604,0.811554161153104,0.811554161153473,0.811554161153205,0.811554161153114,0.811554161153114,0.81155416115344,0.811554161153334
ATP [cytoplasm],0.22262736464278,0,0,0,0,0,0,0,0,0,0,0,0,0.801713614666353,0.771556782111632,0.778664080752664,0.695661658570852,0.734413236473055,0.701298225540976,0.574409236867685,0.589113266472145,0.572180460646954,0.573633091241795,0.626796295055242,0.129687275460474,-0.0225939055930205,-0.189928870870849,-0.183088501616473,-0.15724741535683,-0.156480069486905,-0.147213361083363,-0.140851971268354,-0.142315762469341,-0.136366835923244,-0.178619548447231,-0.179827067144421,-0.179827067408973,-0.179827068596538,-0.179827066921761,-0.179827067162254,-0.179827067480239,-0.179827067342571,-0.179827067435957,-0.14077298986462,-0.106283027979855,-0.106283027930582,0.147554569204133,0.147554569174897,0.176304375196301,0.164126395764784,0.164126396443885,0.164126395763224,0.134980329166592,0.134980329177464,0.134980329129889,0.134980329163327,0.134980329287626,0.134980329113633,0.134980329136044,0.13498032921172,0.134980329080648,0.134980329183567,0.134980329137864,0.134980329070691,0.134980329195423,0.134980329166752,0.134980329171511,0.134980329171511,0.134980329171511,0.134980329171511,0.134980329165857,0.134980329186272,0.134980329171858,0.134980329171858,0.134980329171858,0.134980329171858,0.134980329148298,0.134980329148298,0.134980329148298,0.134980329148298,0.134980329148298,0.134980329148298
L-arginine [cytoplasm],0.755580636696001,0,0,0.748450952737284,0.748450952737284,0.787632354646546,0.787632354646546,0.787632354646546,0.797084985110732,0.797084985110732,0.489058808073221,0.494217305959913,0.672425248554666,0.71412877296797,0.733685144063042,0.74638413336578,0.74646792838367,0.741062417323282,0.736487247358641,0.768840992445992,0.768840992449339,0.768840992475963,0.800486205746007,0.826536589036892,0.805992676074853,0.806628721387781,0.806628721388061,0.820164263010165,0.81422305804313,0.799421204562909,0.745928260947477,0.73429171348476,0.718569852493744,0.734534916326146,0.735796360410638,0.733933525700848,0.822364619478301,0.820957429103002,0.8317082936354,0.788288290040941,0.786307747389203,0.826122786709503,0.846514825521677,0.84539642296251,0.858825326217949,0.844259597113394,0.851867873038588,0.768358221722411,0.769933716541476,0.775328722497187,0.776407826473154,0.741406304916936,0.740124685639178,0.740124685854097,0.767786228886559,0.764176851701536,0.773379064439159,0.895011581386157,0.895011581369139,0.895011581395403,0.895011581276365,0.895011581186813,0.892005485301069,0.89200548529995,0.892005485303831,0.87371979909833,0.873719799098557,0.873719799096617,0.873719799095848,0.873719799107639,0.873719799096778,0.873719799094757,0.873719799095048,0.873719799097523,0.873719799097568,0.873719799097522,0.873719799091768,0.873719799097492,0.873719799097172,0.873719799096731,0.873719799098881,0.873719799096986
L-asparagine [cytoplasm],0.183274470253576,0,0,0.142022528306585,0.142022528306585,0.142022528306585,0.142022528306585,0.142022528306585,0.142022528306585,0.142022528306585,0.142022528306585,0.142022528306585,0.165321484938362,0.165321484938365,0.184451494176881,0.184451494176881,0.193737128294601,0.190835323303094,0.190835323303093,0.190835323303093,0.243439320453093,0.240551543738434,0.138217464138718,0.0694730527454395,0.0716007653561565,0.0700763943624495,0.0571734151013086,0.0571734150990029,0.0571734150993363,0.079608967810678,0.0796089678128587,0.0796089678118138,0.0120177222845613,0.147722835976144,0.134645242557405,0.10442347104209,-0.000713271828706951,-0.00451807014560041,-0.0934569992332788,-0.0317289910949898,-0.308104022957173,-0.321805506828882,-0.282911638883682,-0.282198006044271,-0.292229082752941,-0.29783059798523,-0.297830598039313,-0.205645307268068,-0.205645307304888,-0.237246227627007,0.111488904203262,0.111488904249659,0.111488904243528,0.111488904218749,0.118396922733357,0.118396923499852,0.118396923480193,0.118396923471142,0.118396923468315,0.118396923467333,0.116264029427349,0.116264029407407,0.116264029410885,0.0997026127213973,0.0997026126264449,0.0997026127219151,0.0997026127182918,0.099702612713648,0.0997026127206636,0.0997026127207943,0.0997026127207872,0.0997026127203136,0.0997026127204487,0.0997026127210653,0.0997026127197717,0.0997026127177324,0.0997026127177324,0.0997026127207706,0.0997026127207958,0.0997026127207958,0.0997026127213147,0.0997026127213147
L-aspartate [cytoplasm],0.27477499177632,0,0,0,0,0.45917584577029,0.459175845770326,0.459175845770326,0.49534641106761,0.49534641106761,0.49534641106761,0.606059377099308,0.606059377099308,0.361678828471707,0.183651835723362,0.180205335757367,0.184997462460672,0.184997462460986,0.181144382779991,0.181144382779886,0.181144382779991,0.181144382779991,0.181144382779991,0.181144382779991,0.181144382779991,0.181144382779949,0.181144382779991,0.378795159373214,0.596365644299582,0.645468528819423,0.579315440872537,0.545861293596867,0.567918845370074,0.562982516278918,0.45864644551227,0.433008458399942,0.457353568877395,0.406711528039146,0.406590155922599,0.314509936527743,0.314509936546134,0.208640579289993,0.129844617930317,0.276717261310748,0.0686503361916331,0.0686503361925202,0.0669483561950443,0.0566779189142364,0.056677919255293,0.0566779192131788,0.0566779191949687,0.483086452020628,0.483086452024498,0.483086452035525,0.368822524921978,0.340968132147434,0.340968132145434,0.340968132153837,0.340968132159055,0.340968132148398,0.34096813214244,0.3409681321453,0.340968132144263,0.340968132145349,0.340968132143743,0.340968132145084,0.340968132144881,0.340968132145921,0.34096813214501,0.340968132144378,0.340968132144378,0.340968132146932,0.340968132145755,0.340968132145755,0.340968132144136,0.340968132143864,0.34096813213829,0.34096813213829,0.340968132143904,0.340968132145433,0.340968132145915,0.340968132145724
CTP [cytoplasm],-0.400822327536402,0,0,0.0195181768217724,0.0195181768217724,0.0195181768217724,0.0195181768217724,0.0195181768217724,0.0195181768217724,0.0195181768217971,-0.401896640906451,-0.401896640906451,-0.401896640906371,-0.401896640906371,-0.40189664090209,-0.40189664090209,-0.40189664090644,-0.338286356165231,-0.338286356165702,-0.286459184097271,-0.286459184097387,-0.286459184097096,-0.286459184097349,-0.231233574287396,-0.231233574285889,-0.233194444624599,-0.162778279024922,-0.135383563417139,-0.153417797326016,-0.119377283410199,-0.142309061966012,-0.112053448072764,-0.114173842606925,-0.151535249256495,-0.150211043299894,-0.130116381053024,-0.132824536227258,-0.128671771665093,-0.139457159476424,-0.147446806767584,-0.155441712574149,-0.156098235995057,-0.153003016569963,-0.153250663332993,-0.149271666866636,-0.149271666867371,-0.152444000027156,-0.152444000019671,-0.155232083765085,-0.157259067803179,-0.15509367011249,-0.156357438395042,-0.156357438393874,-0.156357438393986,-0.157469709700703,-0.157469709702905,-0.157469709700953,-0.15746970970094,-0.157469709700917,-0.157469709700739,-0.157469709700308,-0.157469709700828,-0.157469709700996,-0.157469709701013,-0.157469709700765,-0.157469709701735,-0.157469709700416,-0.157469709701017,-0.157469709700878,-0.157469709700879,-0.15746970970081,-0.15746970970081,-0.15746970970081,-0.15746970970081,-0.157469709700878,-0.157469709701098,-0.157469709700878,-0.15746970970157,-0.15746970970157,-0.15746970970157,-0.15746970970157,-0.15746970970107
L-cysteine [cytoplasm],-0.298855898738374,0,0,0,0,0,-0.0389881793640114,0.0442297665425492,0.0442297665427921,0.0442297665425578,0.0442297665427646,0.110513632768006,-0.412557590167805,-0.363118271447521,-0.333424765558144,-0.333424765558089,-0.267698972606487,-0.156996323497099,-0.145042767034649,-0.145042767034649,-0.158206244469178,-0.149431470616198,-0.129850974861301,-0.130476410289076,-0.112700248043352,-0.112700248061585,-0.0593147786739248,-0.0593147787040826,-0.0593147782831157,-0.0593147786846451,-0.0907451590301586,-0.169408828000445,-0.16940882800192,-0.253326579831355,-0.2533265798613,-0.253100370046837,-0.216885709526461,-0.246772232037988,-0.246772232027255,-0.241223701495918,-0.242102635339854,-0.246796078588905,-0.109515553055389,-0.109515553035311,-0.10951555318285,-0.108700480488349,-0.108700480497859,-0.125376549390104,-0.125376549388843,-0.100741292035083,-0.100741292041738,-0.100741292025708,-0.100741292029631,-0.100741292034184,-0.100741292030345,-0.100741292701133,-0.100741292032254,-0.100741292031808,-0.100741292031884,-0.100741292026995,-0.100741292032419,-0.100741292031227,-0.100741292032096,-0.100741292032038,-0.100741292032983,-0.100741292032096,-0.10074129203383,-0.100741292036214,-0.100741292031887,-0.100741292032283,-0.10074129203263,-0.100741292032183,-0.10074129203242,-0.100741292025497,-0.100741292032254,-0.100741292031934,-0.100741292032096,-0.100741292031442,-0.100741292032082,-0.100741292031982,-0.100741292031882,-0.100741292031629
dATP [cytoplasm],-0.385824762702161,0,0,0.123049714454488,0.123049714454488,0.123049714454488,0.123049714454488,0.123049714454488,-0.218646070766967,-0.218646070766967,-0.218646070766967,-0.383937425832512,-0.383937425832512,-0.383937425832512,-0.383937425832512,-0.383937425832512,-0.383937425832512,-0.383937425832512,-0.383937425832512,-0.383937425832512,-0.383937425832512,-0.383937425832512,-0.26962522093113,-0.269625220926296,-0.12157927595357,-0.121579275957694,-0.0583284918928429,-0.0572110719564671,-0.198544321590642,-0.210173616039825,-0.215779944008148,-0.218133227155218,-0.23197684613765,-0.336886182105646,-0.411367194766005,-0.447930973255997,-0.562448254016271,-0.529634791817606,-0.52963479181847,-0.581539234801062,-0.562210233658185,-0.544037108811816,-0.548887221331665,-0.561520919913872,-0.425300937833235,-0.262721012859735,-0.270295599357839,-0.257243136274981,-0.270713412491003,-0.251226621900678,-0.246424941685202,-0.381984140367144,-0.39091312957949,-0.330029196841651,-0.330029196856518,-0.324093586925693,-0.324093586970985,-0.324093587028591,-0.303657473377044,-0.303657473403582,-0.588858123935877,-0.588858123919876,-0.588858123930836,-0.588858123930488,-0.588858123928743,-0.588858123941804,-0.588858123978113,-0.588858123907487,-0.588858123918333,-0.588858123928204,-0.588858123928861,-0.588858123905823,-0.588858123934569,-0.588858123928381,-0.588858123928928,-0.588858123927775,-0.588858123927775,-0.588858123928667,-0.588858123928667,-0.588858123928667,-0.588858123928667,-0.588858123928667
dCTP [cytoplasm],-0.428098463766316,0,0,0.113622350950665,0.113622350950665,0.113622350950665,-0.218610779487562,-0.218610779487562,-0.218610779487562,-0.218610779487562,-0.272830155865175,-0.398122350913504,-0.398122350913202,-0.398122350913202,-0.546198589348198,-0.546198589348708,-0.546198589348149,-0.149503770045467,-0.149503770045467,-0.149503770044699,-0.149503770045524,-0.149503770045492,-0.149503770045375,-0.149503770045373,-0.38807844605588,-0.388078446055822,-0.53014819530227,-0.530148195302245,-0.530148195302242,-0.530148195300768,-0.582294507321174,-0.582294507324052,-0.643503598693646,-0.498617709616024,-0.498617709615898,-0.505445576267269,-0.447494769811837,-0.430336529791576,-0.420938279350583,-0.436724847365255,-0.442457004644134,-0.457898383284712,-0.509854953172556,-0.519613746951007,-0.522553074009035,-0.50211060793498,-0.502902890319116,-0.478341119744891,-0.478341119731258,-0.479537325912085,-0.479660690460561,-0.479660690460989,-0.477078077594979,-0.472703719314418,-0.472703719315426,-0.472703719314735,-0.47270371931411,-0.472703719314398,-0.470719472676063,-0.470719472676523,-0.470719472676401,-0.470719472645804,-0.470719472673785,-0.470719472676414,-0.470719472676437,-0.470719472676216,-0.470719472681883,-0.470719472681883,-0.470719472681883,-0.470719472676448,-0.47071947266509,-0.470719472676539,-0.470719472676539,-0.470719472676539,-0.470719472676539,-0.470719472676086,-0.470719472676086,-0.470719472676086,-0.470719472676086,-0.470719472676086,-0.470719472676086,-0.470719472676086
dGTP [cytoplasm],-0.35272703865188,0,0,0.113622350950665,0.113622350950665,0.113622350950665,0.113622350950665,-0.218610779487562,-0.218610779487562,-0.218610779487562,-0.218610779487562,-0.383882346515417,-0.383882346515417,-0.383882346515417,-0.383882346515417,-0.383882346515417,-0.383882346515417,-0.383882346515417,-0.383882346515417,-0.383882346515417,-0.383882346515413,-0.383882346515413,-0.383882346515413,-0.383882346515413,-0.383882346515413,-0.383882346515413,-0.383882346515413,-0.383882346515413,-0.383882346515413,-0.383882346515413,-0.383882346515397,-0.269599574463604,-0.570853268776158,-0.510795379471894,-0.435196720591347,-0.388261738207089,-0.388261738208899,-0.336941889622679,-0.334441887024468,-0.527533049114476,-0.534102417043987,-0.486449996887117,-0.478297309031338,-0.499463190575174,-0.588929329799599,-0.560138600040898,-0.564493436470804,-0.606917889686555,-0.607482434207259,-0.605475071665106,-0.604028348602322,-0.629161117706205,-0.657006942053896,-0.612307438974596,-0.626021181664839,-0.62892203102233,-0.566367451655838,-0.566367451711586,-0.252846578275864,-0.252846578308572,-0.552502198859707,-0.555302176455192,-0.555302176454129,-0.555302176523406,-0.555302176454166,-0.555302176454163,-0.559768297174405,-0.559768297174301,-0.559768297174823,-0.55976829717416,-0.55976829717428,-0.559768297176413,-0.559768297170473,-0.559768297177419,-0.559768297173014,-0.559768297114665,-0.559768297114665,-0.559768297174393,-0.559768297174393,-0.559768297174393,-0.559768297174393,-0.559768297174393
dTTP [cytoplasm],-0.348827898514335,0,0,0.215543316603979,0.205410590017237,0.205410590017237,0.205410590017237,-0.114602328049514,-0.114602328049514,-0.114602328049514,-0.1146023280495,-0.529779356089637,-0.523730162311861,-0.523730162311861,-0.311264800584942,-0.311976103792095,-0.31197610379208,-0.312547540353425,-0.226049309350234,-0.306081075890663,-0.306081075891169,-0.256756397617211,-0.306400840698409,-0.413285899924942,-0.41328589992529,-0.751478507338239,-0.728720289138396,-0.760421193635168,-0.764570513642506,-0.785960006417977,-0.802861231499161,-0.820648628993684,-0.820832193064882,-0.75347402908368,-0.489611005437556,-0.488865360027525,-0.490129391391159,-0.514580559534674,-0.529878938255077,-0.522921115567156,-0.535919566753524,-0.519635152434387,-0.51053486139429,-0.50698096915614,-0.503254774720753,-0.503386160608014,-0.521832972606254,-0.521832972582168,-0.476495440522163,-0.468397971761332,-0.468397971793425,-0.484217857354914,-0.484217857357908,-0.481541218550911,-0.481541218537056,-0.481541218551776,-0.48089399597836,-0.478191335320096,-0.47819133531913,-0.478191335338141,-0.47552785185564,-0.475527851851244,-0.475527851851253,-0.475527851851114,-0.475527851841307,-0.475527851851248,-0.475527851851117,-0.475527851851687,-0.475527851851248,-0.475527851851139,-0.475527851851235,-0.475527851846398,-0.475527851852715,-0.475527851851248,-0.475527851851247,-0.475527851851255,-0.475527851851248,-0.475527851851187,-0.475527851851187,-0.475527851851187,-0.47552785185779,-0.47552785185779
L-glutamine [cytoplasm],-0.227456423230616,0,0,-0.320642898570718,-0.320642898570718,-0.320642898570719,-0.320642898570719,-0.320642898570719,-0.320642898570719,-0.320642898570719,-0.320642898570719,-0.320642898570719,-0.320642898570719,-0.320642898570719,-0.320642898570719,-0.320642898570719,-0.217903403028466,-0.217903402992601,-0.24496932874447,-0.244969328750349,0.181047915196464,0.217098606674392,0.217098606678426,0.217098606674568,0.293297382962513,0.293297382962712,0.259231241002326,0.259231240999132,0.230229471327923,0.248694633006223,0.194628928778295,0.315451437776866,0.323723170853311,0.330379311506576,0.282722836279818,0.282722836274112,0.438291844677281,0.406851333189373,0.406851333151892,0.390636169538616,0.390636169544607,0.377165508770213,0.377891850728238,0.398370740844896,0.429780959549717,0.485508783617503,0.4852269554986,0.49130741417495,0.502703393262776,0.507040933643542,0.475057766806695,0.510555840727525,0.498941719171299,0.50066001838592,0.500961545665799,0.49609624188679,0.499212105765195,0.499212105625987,0.503353943569083,0.503353943525767,0.503353943569088,0.503353943571875,0.503353943565234,0.478449980412082,0.471762637354728,0.467018123641658,0.467018121209976,0.482111729567968,0.482111729963153,0.482111729570065,0.482111729569024,0.482111729603967,0.482111729569352,0.482111727160823,0.482111729673109,0.482111729570129,0.482111729569342,0.482111729569342,0.482111729569351,0.482111729569352,0.482111729569352,0.482111729569351
L-glutamate [cytoplasm],-0.0278379293644005,0,0,-0.56262293012818,-0.562622930127788,-0.56262293012818,-0.56262293012818,-0.56262293012818,-0.561207383951555,-0.561207383951567,-0.561207383951409,-0.561207383951567,-0.347106647835603,-0.347106647841572,-0.56324511076632,-0.53606471813462,0.202450711435464,0.295690231531091,0.32757700849236,0.321209381952117,0.316245109264539,0.478264315356053,0.625161808261907,0.474289313542617,0.550114144170459,0.551095374404269,0.550924577841318,0.590987061919718,0.562298229867189,0.596395000593759,-0.453466274800649,-0.453466275966571,-0.453466276351042,-0.453466276760824,-0.441730132500976,-0.312524340279771,-0.131437998688062,-0.131437998629882,-0.131438000055564,-0.134111918649891,-0.156189184054332,-0.157596614611914,-0.15766413047921,-0.158986802464999,-0.15898680111027,-0.158986801260525,-0.158986801149127,-0.15898680119402,-0.158986802369874,-0.158986800790221,-0.158986801201072,-0.158986801146338,-0.158986801213362,-0.15898680121526,-0.158986801114747,-0.158986801207128,-0.158986801202914,-0.15898680121526,-0.158986801337545,-0.158986801214641,-0.158986801215261,-0.15898680121526,-0.158986801215556,-0.158986801247846,-0.158986801215209,-0.158986801214668,-0.158986801215115,-0.158986805954065,-0.158986801049954,-0.158986801215142,-0.158986801215261,-0.158986801213849,-0.158986801059477,-0.158986801059477,-0.158986801059477,-0.158986801059477,-0.158986801059477,-0.15898680121526,-0.15898680121526,-0.15898680121526,-0.158986801215261,-0.158986801215261
L-glycine [cytoplasm],-0.0499794830539136,0,0,0.577993430926732,0.577993430926732,0.577993430926704,0.577993430926704,0.583646330710909,0.583646330710895,0.584757809230651,0.148080416174838,0.705218618817092,0.513129773723432,0.70430075652455,-0.09028991398917,-0.155372701250106,-0.155372701249803,-0.152822045261422,-0.089511683236404,-0.0975771728769353,-0.0975771728749536,-0.119574673433566,-0.121906258829392,-0.0744821236621243,-0.0744821236397808,-0.0744821236695014,0.44669892286683,0.450247761778262,0.450247761773606,0.468871730398673,0.449394480612794,0.395356732079024,0.375382935415893,0.408213819532423,0.367627323335985,0.368318663009498,0.360895309350757,0.357047878551174,0.345391031556323,0.362750562373367,0.369376933540446,0.369404886516067,0.369404886465126,0.369404886513446,0.36847187083444,0.374501897993816,0.374501898252388,0.374501897990484,0.36708594592961,0.338354964434006,0.271125970268103,0.271125970264574,0.250535296223804,0.250535296243067,0.250535296239923,0.250535296241227,0.250535296242916,0.250535296243204,0.250535296245865,0.25053529624562,0.250535296242437,0.250535296245095,0.250535296248273,0.250535296244764,0.2505352962432,0.250535296245273,0.250535296244413,0.25053529624525,0.250535296244402,0.250535296244049,0.250535296244738,0.250535296245372,0.250535296244042,0.250535296244702,0.250535296244847,0.250535296245244,0.250535296244919,0.250535296245734,0.250535296244089,0.250535296243724,0.250535296244737,0.250535296244737
glycogen [cytoplasm],-0.524919631758685,0,0,0,0,0,0,0,0,0,-0.133550299176582,-0.133550299176582,0.0919572202034992,0.180883887755816,-0.507448605881708,-0.507448605881708,-0.516674883563703,-0.516674883563703,-0.516674883563703,-0.516674883563703,-0.517414445662807,-0.517414445667971,-0.517414445667882,-0.517414445668647,-0.517414445668184,-0.517414445653644,-0.517414445653644,-0.517414445668505,-0.517744156713469,-0.51774415671421,-0.517744156713696,-0.517744156714128,0.077412001038227,0.084857378782773,0.0848573786927688,0.084857378784531,0.0888414944045547,0.113328791298872,0.113328791251534,0.114449774812101,0.136051048384096,0.136051048389074,0.136051048357176,0.143499431481787,0.14349943156421,0.162817858286555,0.162817858253372,0.221134512953027,0.278205284380072,0.225653237483453,0.255797726346051,0.239157615510178,0.281044784970712,0.0567088630575135,0.0229531672411466,0.0144787618665499,0.0144787619779386,0.0224007190063341,0.0265485471209097,0.0265485471189425,0.0265485471956972,0.0303756019984723,-0.0116430810824104,-0.0116430810570638,-0.0463055619112733,-0.0463055619167082,-0.0463055619172149,-0.00540710201411619,-0.00540710201215782,-0.0126741454407882,-0.0126741454422156,-0.0126741454414246,-0.0126741454404317,-0.0126741454394469,-0.0126741454405682,-0.0126741454407967,-0.0126741454410629,-0.0126741454405946,-0.0126741454407449,-0.0126741454390104,-0.0126741454408878,-0.012674145441473
GTP [cytoplasm],0,0,0,0,0,0,0,0,0,0,0,0,0,0,0,0,0,0,0,0,0,0,0,0,0,0,0,0,0,0,0,0,0,0,0,0,0,0,0,0,0,0,0,0,0,0,0,0,0,0,0,0,0,0,0,0,0,0,0,0,0,0,0,0,0,0,0,0,0,0,0,0,0,0,0,0,0,0,0,0,0,0
L-histidine [cytoplasm],0.81768591600757,0,0,0.814255857841228,0.799681280546654,0.803384397725457,0.789969759685803,0.806483795722457,0.805307376213773,0.815004422841655,0.819014078545199,0.819881478709924,0.819881478709924,0.819881478709924,0.819881478709924,0.819881478709924,0.819881478709924,0.819881478709924,0.819881478709924,0.818681012439148,0.818681012439148,0.782683638997961,0.782683638997961,0.782683638997961,0.782683638998126,0.779321896996426,0.779321896996439,0.779321896996426,0.779321896996424,0.776124752174973,0.776124752174964,0.776124752174978,0.740868424468052,0.767567229765328,0.767567229762482,0.767567229764826,0.779520632757442,0.779828823536575,0.765970621126005,0.769958330063038,0.762951595213132,0.76295159518327,0.761183910790169,0.696313999191538,0.694000424128836,0.684138078116014,0.685307624288276,0.715492742254599,0.749901150791852,0.747688776206545,0.753212809404064,0.737553416797592,0.737315873301013,0.500318334706021,0.523199918987986,0.522854073368295,0.520275803298417,0.476414839571667,0.48051788153202,0.480517881542155,0.481941103270945,0.481941103251852,0.481941103266502,0.482707226891065,0.482707226884696,0.482707226895925,0.483003802309637,0.483003802309873,0.483003802338227,0.483003802314582,0.483003802313891,0.466588668292669,0.466588668291244,0.466588668289458,0.466588668292103,0.436267239662562,0.436267239662672,0.436267239662421,0.436267239662733,0.436267239663082,0.436267239662603,0.436267239662341
L-isoleucine [cytoplasm],0.274480487464753,0,0,0,0,0.234127215112003,0.234127215112003,0.23160466013331,0.255763020083994,0.259180223528172,0.250519484599455,0.250519484600102,0.264710581271486,0.264710581271487,0.264710581271487,0.265372159151405,0.28583556731167,0.285835567311678,0.285835567311821,0.293481431460513,0.293481431460204,0.29348143146141,0.299946280016764,0.309781996788758,0.315339565094878,0.303063584189159,0.303063584189594,0.301686849576734,0.325546172118939,0.278739978880663,0.278673375600203,0.275290937005674,0.29684525142421,0.331623234527255,0.320814634771042,0.321374326933136,0.282730361845095,0.30361576305645,0.32847993219399,0.336182799356603,0.337604624012688,0.321774678757698,0.326038922413553,0.323122427402495,0.320363650268035,0.318767740405188,0.323426719441541,0.323426719445625,0.309250507964822,0.309250508004756,0.309250507997858,0.309250507986747,0.309250508107539,0.319836277350166,0.31002066233295,0.357738241595544,0.3577382415815,0.35208366582165,0.352083665879519,0.352083665886,0.352083665860536,0.331698984226325,0.331698984218618,0.331698984217278,0.331698984229777,0.331698984219742,0.331698984229172,0.331698984222267,0.331698984223163,0.331698984222223,0.331698984220945,0.331698984221802,0.331698984221403,0.331698984221757,0.331698984221555,0.331698984220629,0.331698984221454,0.331698984222309,0.331698984220959,0.331698984221593,0.331698984221915,0.331698984191707
L-leucine [cytoplasm],0.481824745700006,0,0,0.369830631474783,0.369830631474783,0.432298759698234,0.432298759698234,0.450337234461732,0.450337234461732,0.480893575788519,0.480893575788517,0.482105270200295,0.482105270200295,0.482105270200295,0.482105270200295,0.48209984041105,0.482099840411048,0.481657986553248,0.481657986553248,0.481842739988212,0.481984940615181,0.482120096430655,0.482120096430655,0.482134297302744,0.482134297302744,0.482134297302744,0.482134297302734,0.48211714267537,0.482117142675365,0.482117142675365,0.482129219751169,0.482129219751162,0.482124608485128,0.482116153368141,0.482110293269071,0.482108689378693,0.482057886762148,0.482063364699244,0.482133561612343,0.482167315202999,0.482213754431153,0.482063840667707,0.482098553177613,0.482081001157724,0.492499338606917,0.478258081273051,0.478289972782744,0.469117377088968,0.471678695242152,0.471678695244333,0.475137078709575,0.482519762034732,0.48250695101468,0.482506951030038,0.482506951004554,0.482505910095937,0.482505910094696,0.482505910097201,0.48250591009626,0.480290683136481,0.480290683135946,0.480290683134852,0.480290683135803,0.479796449973512,0.479796449977734,0.47979644998629,0.479796449987154,0.481669888862815,0.481669888863589,0.482677448341712,0.482677448340834,0.482677448347178,0.482677448345789,0.482677448345842,0.482677448345695,0.482677448346613,0.482677448345316,0.482677448346636,0.482677448345557,0.482677448345664,0.482677448345887,0.482677448346625
L-lysine [cytoplasm],0.565407736733153,0,0,0.317206567442668,0.400277321606948,0.40688143355216,0.40688143355216,0.411161657583165,0.411161657583165,0.601966727685538,0.613752051652754,0.613752051652754,0.588008362702198,0.588008362702198,0.551504208375432,0.519415354758935,0.519415354758935,0.519415354758935,0.519415354758935,0.519415354758935,0.519415354758935,0.519415354758935,0.519415354758935,0.519415354758935,0.33339253200296,0.367729302444863,0.413750597638248,0.414041427371182,0.461092219362869,0.468510072439704,0.446524656762463,0.446524656762463,0.446524656762463,0.446524656762463,0.446524656762463,0.467436460156412,0.467436460152463,0.428168485624637,0.117268337263568,0.117677751690722,0.236805966994695,0.203737520319974,0.0729550327707245,0.114158055943064,0.0867133266727192,0.0749255015853241,0.0853693816713644,0.12079694630753,0.14980880383044,0.154895847007075,0.166705391767324,0.220919231119121,0.220919230774935,0.233686525676396,0.233695434447318,0.233695435594879,0.253231486219906,0.25323147998233,0.253231484556359,0.226903256428835,0.228749426784843,0.21236498252393,0.192027570752779,0.156448842250554,0.0764976272674386,0.0764976278602533,0.079684293541203,0.0796842928376979,0.110776693816344,0.110776693822373,0.256925629802474,0.256925630359101,0.256925629815364,0.256925629480978,0.256925630287472,0.256925629802676,0.256925629680733,0.256925629061212,0.256925629800906,0.256925629802722,0.256925629802821,0.256925629804583
mannan [cytoplasm],-0.618975834578483,0,0,0,0,0,0,0,0,0,0,0,0,-0.219923838623011,-0.219923838623011,-0.219516294175051,-0.588649653471603,-0.588649653471603,-0.604570437321638,-0.604570437321638,-0.604570437321638,-0.604570437321637,-0.604570437321638,-0.601834428230808,-0.601834428230808,-0.601834428230808,-0.601834428230808,-0.601834428230808,-0.601834428230808,-0.601834428230808,-0.601834428230808,-0.60872361869175,-0.60872361869175,-0.60872361869175,-0.317572519783035,-0.199233502452888,-0.199233502452888,-0.178590909398467,-0.178590909433684,-0.111508951872783,2.06543454838425e-05,0.0157833629562045,0.0157833629920256,0.066571583078176,0.0722993103677067,0.154129439581631,0.155871417267268,0.155871416224566,0.211300603799375,0.471600070314526,0.481504065304304,0.481779770239289,0.371166129916188,0.370147972976229,0.370703066765022,0.406430440918642,0.153135131137861,0.210408808216433,0.216053602355446,0.210783793928204,0.227016762058621,0.231925150720879,0.223372929805891,0.223372929805837,0.23341318232342,0.233413182364506,0.233413182367608,0.233413182358226,0.228037188709377,0.228037188710588,0.228037188710732,0.228037188710865,0.228037188710732,0.222937278304255,0.222937278310776,0.222937278306366,0.222937278304612,0.222937278304226,0.222937278304497,0.222937278304272,0.222937278310904,0.222937278304608
L-methionine [cytoplasm],0.265672412831432,0,0,0.445983667942186,0.439970030010339,0.439970030010339,0.439970030010339,0.439970030010339,0.359433178815213,0.341548683457782,0.341548683457412,0.393542382323086,0.32954616263546,0.329546162636496,0.329546162636315,0.331092066234752,0.0337039267486004,0.0542219197833988,0.0345030160908915,0.0379424926538746,0.0571405962893315,0.0611302390352851,0.140612785477353,0.139629863533138,0.139352850812598,0.145464587977781,0.138056882959777,0.14096523984165,0.0890424422640818,0.0868124242241023,0.109292476102484,0.128630547627838,0.0874396453538666,0.0874396453370647,0.126292070168769,0.133630820103783,0.100522288515231,0.0768109673667041,0.095497736975276,0.095497737097432,0.0954977369809958,0.0616365539935219,0.0616365539901058,0.0289830656035892,0.139223897902145,0.0190101029728581,0.0190101028320434,0.0190101029511226,0.0201083999629827,-0.00418997740158182,-0.00418997739941784,-0.00418997746966567,-0.00418997754072959,-0.00419675398240902,-0.00419675395714776,-0.00419675400075873,-0.00419675398746449,-0.00419675398512244,-0.00419675399919526,-0.00419675398980752,-0.00419675398587237,-0.0041967539821462,-0.00419675398645821,-0.00419675398585561,-0.00419675398556832,-0.00419675397776268,-0.00419675398556824,-0.00419675398589033,-0.00419675398047514,-0.00419675398393698,-0.00419675398680091,-0.00419675395515748,-0.00419675398556954,-0.00419675397828662,-0.00419675398554588,-0.00419675398574135,-0.00419675398574135,-0.0041967540009067,-0.0041967540009067,-0.0041967540009067,-0.0041967540009067,-0.0041967540009067
L-phenylalanine [cytoplasm],0.492231079878661,0,0,0,0,0,0,-0.0765659008583684,0,0,0,0.492918075638823,0.509559737730502,0.475611646232109,0.478644782698951,0.479911462896206,0.480425959843028,0.487169084061617,0.489744242026869,0.460455470673596,0.452336321618319,0.452336321618245,0.258658222928201,0.258658222928201,0.303951304542175,0.205806104252222,0.449805081442049,0.449805081434226,0.479355875749992,0.479242931951693,0.485670765782285,0.416225914506787,0.457978327375279,0.4395620007059,0.439562000709515,0.439562000710546,0.428472793441512,0.369167858682779,0.20667767477464,0.204020031937852,0.204020031928284,0.166286407846731,0.166286407922597,0.168082663177022,0.168082663197805,0.169331296625043,0.162183418692173,0.162183418686405,0.162183418679004,0.149740726166506,0.149740726162649,0.149740726200164,0.149740726145813,0.134053434383526,0.134053434392276,0.134053434379877,0.153689897317774,0.133835426605739,0.23780884441338,0.237808844394718,0.237808844401156,0.237808844397674,0.237808844398109,0.23780884439657,0.237808844396845,0.237808844397549,0.237808844398065,0.237808844398043,0.237808844397434,0.237808844398109,0.237808844397942,0.237808844396869,0.237808844397115,0.23780884440035,0.237808844398562,0.237808844398042,0.237808844397429,0.237808844398051,0.237808844397619,0.237808844398043,0.237808844398047,0.237808844398837
L-proline [cytoplasm],0.515770424922221,0,0,-0.217212722973134,-0.217212722973134,-0.189417110041986,-0.189417110041986,0.391442258805111,0.379501557378358,0.379501557378358,0.55840331454539,0.558313656856296,0.527262322045545,0.504735674786852,0.489811954754626,0.489811954754626,0.489811954754626,0.489811954754626,0.489811954754626,0.489811954754626,0.489811954754626,0.484088792827916,0.484088792827916,0.484088792827916,0.484088792827916,0.484088792827916,0.484088792827916,0.484088792827916,0.471124807776067,0.471124807786432,0.442917738225369,0.442917738230283,0.42388615896709,0.426235599023104,0.502479168876345,0.504574462368431,0.516259353122899,0.542914283440975,0.348596836118937,0.25102871402396,0.308211635160638,0.306326205366317,0.279971905041999,0.264970885497127,0.275113015468495,0.265705591728507,0.27265413981001,0.272654139686959,0.271542079476744,0.230765269337144,0.221970913736544,0.223067811594765,0.296283654297846,0.298891937742258,0.299947072772705,0.318988865139043,0.319952937074634,0.319929292177437,0.332298347571872,0.332298347202447,0.332298347797914,0.3136575018049,0.313657502500074,0.305061877428752,0.297390863995588,0.275500877722631,0.275500876829229,0.148429408776942,0.150367506346346,0.248436885563907,0.248436885556128,0.248436885559727,0.248436880498352,0.248436885506182,0.248436882051398,0.248436885508513,0.248436884622608,0.248436885507931,0.248436885502058,0.248436885509132,0.24843688550165,0.248436885496592
L-serine [cytoplasm],0.40360682134988,0,0,-0.16513684100825,-0.16513684100825,0.500395766194559,0.500395766194559,-0.340180134812093,-0.340180134812093,0.435692606392393,0.388515020391284,0.388515020391323,0.388515020391353,0.392619642052417,0.334930464045843,0.334930464045844,0.398721402387057,0.398721402387057,0.432560148453297,0.432560148453297,0.432560148453297,0.394043077956388,0.198817769614851,0.20457939106182,0.19741367036034,0.199634034687151,0.285934242605461,0.285934242599108,0.289681701040543,0.33868440503989,0.311364709294705,0.311364709308431,0.31645768795243,0.345634077907553,0.345813030741671,0.347332278317701,0.381094975161569,0.282618810015294,0.257633684518975,0.253357984420719,0.156489266687794,0.156489266689797,0.156651468775033,0.113804334938571,0.0886622379755951,0.0411170153818266,0.0411170153453775,0.0411170153809062,0.0427127706386824,0.0254947171275337,0.025494717057777,0.0254947171188076,0.0254947171216087,0.0254947171214412,0.0254947171198699,0.025494717122444,0.0254947170989979,0.0254947171243494,0.0254947170627043,0.0615487869297335,0.0121002007521915,0.218327582070803,0.218327582062623,0.191067249518564,0.191067249518185,0.191067249516428,0.191067249518202,0.191067249520763,0.191067249517826,0.19106724951823,0.191067249518395,0.191067249519707,0.191067249517975,0.191067249518232,0.191067249516977,0.191067249518311,0.191067249518108,0.19106724951804,0.191067249535446,0.191067249518368,0.191067249518368,0.191067249518109
sulphate [cytoplasm],-0.0563121005053059,0,0,0,0,0,0,0,0,0,0,0,0,0,0,0,0,0,0,0,0,0,0,0,0,0,0,0,0,0,0,0,0,0,0,0,0.0682366432030081,0,0,0,-0.149998052796312,0,0,0,0.0368784067775651,0,0.0659891293344554,-0.301201963563992,0,0,0,-0.188111794031792,0,0,0,0.0614639005911948,0,0,0,0,-0.1423566373463,0,0,0,0,0,0,0,0,0,0,0,0,0,0,0,0,0,0,0,0,0
L-threonine [cytoplasm],0.213193925795285,0,0,0.312625934173475,-0.0290678215243668,-0.0290678215243669,-0.0290678215243669,9.65401949556976e-05,9.65401949476411e-05,0.186344089979811,0.221784874795517,0.221784874795517,0.221784874795517,0.221784874795517,0.221784874795517,0.221784874795517,0.221784874795517,0.221784874795517,0.230025493907509,0.230025493907598,0.247176249216938,0.247176249216931,0.247176249216938,0.254269869436676,0.254269869436676,0.254269869436676,0.29727504791921,0.29727504791921,0.234076308509468,0.196563277876969,0.195552353468176,0.201360457990884,0.201360457991048,0.201512555296008,0.201512555295841,0.201512555296008,0.201512555296008,0.201512555296008,0.201512555296008,0.201512555296008,0.201512555296008,0.201512555296008,0.21268102218833,0.243986142657406,0.294751820261037,0.278201019077561,0.276857227939666,0.328934966375314,0.366500429232809,0.38030653165934,0.389889709701623,0.310321556395105,0.320966981208788,0.323260774172277,0.322079225953454,0.322079225940131,0.281249388775235,0.253468860237704,0.253468860220535,0.113211893212752,0.113211893223763,0.144543725570641,0.149701748186561,0.149701748168235,0.149701748144815,0.149701748170543,0.171165014966149,0.171165014969906,0.171165014944147,0.292177257326985,0.271621192844038,0.271621192846745,0.271621192848879,0.271621192851893,0.271621192851585,0.271621192850279,0.271621192849128,0.271621192851236,0.271621192850859,0.271621192851434,0.271621192850892,0.271621192850555
L-tryptophan [cytoplasm],0.176633689658864,0,0,0.00638526276710145,0.064018303250347,0.0811951662778009,0.0788306543943592,0.0788306543943592,0.0868492927419099,0.0868492927419099,0.103826256029869,0.120078666753266,0.14102710135555,0.149992510632438,0.19772528945704,0.171576014139718,0.181070236571866,0.18521334865644,0.205509657060728,0.11993464866254,0.122397627427708,0.0743137489707335,0.0598401755046551,0.0567317171698106,0.0976714361453319,0.0974129252877181,0.0974129252877184,0.038044924812924,0.113423139445492,0.147536674947327,0.190297392637675,0.179636979211556,0.178666432753707,0.210542422748538,0.183826955421139,0.184018116380797,0.184018116376716,0.188636132921103,0.188636132910618,0.188636132906858,0.0465778230930726,-0.0779495671007431,-0.110541206930411,-0.115684205924933,-0.115684205983461,-0.115684205949837,-0.109267891213029,-0.111766625524374,-0.111766625525231,-0.111766625537431,-0.111766625561542,-0.117928078341414,-0.110872399821234,-0.110872399836193,0.0213122135849418,0.0203918128239753,0.020391812813578,0.0203918128194321,0.020391812816148,0.0203918128151298,0.0176305889163775,0.0176305889173522,0.0176305889166558,0.0176305889186282,0.0129592301011383,0.0129592300949887,0.0129592301008248,0.0129592301011127,0.0129592301013161,0.0129592301011633,0.0129592301013774,0.0129592301011329,0.0129592301014869,0.0129592301012367,0.0129592301010215,0.0129592301016569,0.0129592301017237,0.0129592301008322,0.0129592301012183,0.012959230103699,0.012959230101308,0.012959230101308
L-tyrosine [cytoplasm],0.785639858340685,0,0,0,0,0,0,0.144237362785514,0.0123011248339698,0,0,0.705294562765567,0.754226098126801,0.778590983447507,0.782301810461533,0.784450178235663,0.785844623324751,0.77749753108137,0.77364437099969,0.773644370999312,0.7669491709996,0.77752338446342,0.777523384462755,0.77367760403855,0.7202261355301,0.724912439894407,0.725190860824467,0.663203316688716,0.66203451335272,0.6614048324462,0.672357664621681,0.575595251219259,0.545372635677086,0.552165793035356,0.533380760983208,0.533380760992378,0.619332687638473,0.596975798566292,0.446876735638075,0.437669194477173,0.431141472276929,0.389028558261207,0.389028558222638,0.389028558216275,0.389910519169578,0.391268405119035,0.385404914086949,0.385404914108778,0.385404914134621,0.351109796928752,0.351109796920203,0.351109796917389,0.351109796907834,0.324507301529628,0.324507301532212,0.324507301517591,0.324507301526503,0.293826348773964,0.293826348796276,0.29382634878693,0.293826348784392,0.324012477755245,0.32401247775548,0.406552980588535,0.406552980587301,0.40655298058899,0.406552980587648,0.406552980588881,0.406552980589939,0.406552980588698,0.4065529805889,0.406552980588771,0.406552980588559,0.406552980588559,0.406552980588809,0.406552980588717,0.406552980588717,0.406552980588717,0.40655298058828,0.406552980588583,0.406552980588583,0.406552980588767
UTP [cytoplasm],-0.363394420582113,0,0,-0.41671974242247,-0.41671974242247,-0.41671974242247,-0.41671974242247,-0.41671974242247,-0.41671974242247,-0.41671974242247,-0.41671974242247,-0.440313735014767,-0.394456431055091,-0.394456431055091,-0.394456431055091,-0.394456431055091,-0.403075417176618,-0.403075417163864,-0.403075417163301,-0.403075417160286,-0.315266115133771,-0.320282978539162,-0.320282978531515,-0.320282978540157,-0.1695516421408,-0.147296887344802,-0.147296887344618,-0.173630854215585,-0.173630854214834,-0.165010027945662,-0.163480833945638,-0.164687370918238,-0.165970571096017,-0.163581706871632,-0.165209886479675,-0.158618137260315,-0.166504891497756,-0.164468037688392,-0.15469471150163,-0.15477605614066,-0.173372894659594,-0.172806375983357,-0.176443391744794,-0.176577006744095,-0.169395529569984,-0.175250683259109,-0.175250683256154,-0.173786250103085,-0.175981368204941,-0.175981368200335,-0.17598136820325,-0.179600396819686,-0.179600396830478,-0.180524915343091,-0.184732219102993,-0.184732219102592,-0.184732219102795,-0.18473221909966,-0.18473755086119,-0.184737550858726,-0.184737550862105,-0.184737550861608,-0.184737550860908,-0.184737550861422,-0.184737550861802,-0.180700601066111,-0.179733237488479,-0.179733237485684,-0.164870464289923,-0.164870464289493,-0.164870464291402,-0.164870464289886,-0.164870464289506,-0.164870464290139,-0.16487046428987,-0.164870464289607,-0.164870464288343,-0.164870464289833,-0.164870464289963,-0.164870464289869,-0.164870464290346,-0.164870464289869
L-valine [cytoplasm],0.487696931537075,0,0,0,0,0,0.534463289998245,0.534463289998245,0.486191736949369,0.480820650709957,0.46447300817687,0.46447300817687,0.46447300817687,0.46447300817687,0.46447300817687,0.46447300817687,0.505496179381201,0.505496179381328,0.505496179381717,0.505496179381462,0.505496179381328,0.505496179381328,0.505496179381328,0.505496179381412,0.505496179381328,0.505496179381412,0.505496179381328,0.505496179381328,0.531259132784505,0.531259132784701,0.540975644633682,0.540975644633995,0.540975644633624,0.590033433981329,0.589996328531434,0.593745648077397,0.565955951171814,0.584327870556931,0.588808196901422,0.607497152421675,0.60640805073206,0.609652041417177,0.611891156358931,0.610108646096287,0.610041422733145,0.612401974836622,0.612390801901142,0.612386463877497,0.612367810365257,0.612633124068339,0.612633124068119,0.612851524537686,0.612851524550675,0.612851524539976,0.612852219545223,0.612854571402017,0.612854571402389,0.613735496872344,0.613735496895455,0.614020109860885,0.614020109866143,0.591486050319525,0.591486050296882,0.591486050297723,0.621506285161229,0.621506285165901,0.62150628516148,0.621506285161381,0.621506285161408,0.6215062851608,0.621506285161394,0.621506285161355,0.621506285161441,0.621506285161389,0.621506285161389,0.621506285161389,0.621506285161389,0.621506285161394,0.62150628516139,0.621506285161397,0.621506285161389,0.621506285161389
glycerol [cytoplasm],-0.303323380905248,0,0,0,0,0,-0.289785230854771,-0.289785230854771,-0.293445106479024,-0.293445106479024,-0.293445106479024,-0.325450506236838,-0.329071772394743,-0.299981705235109,-0.299981705235109,-0.299981705235239,-0.299981705235109,-0.279655342772527,-0.265926829427841,-0.274760825672843,-0.274760825672781,-0.274760825673391,-0.274760825672658,-0.274760825680825,-0.274760825673816,-0.241717384679696,-0.241217643709295,-0.241217643710296,-0.231710868911989,-0.231710868912002,-0.243216043266282,-0.24321604326689,-0.243216043266801,-0.203977857488962,-0.201233894308501,-0.201233894307713,-0.201233894309281,-0.201233894308943,-0.1755660406001,-0.169059969532453,-0.147205850620462,-0.153419469268653,-0.140206969249783,-0.140206969250408,-0.140206969245337,-0.140206969237577,-0.154090731880548,-0.154090731880256,-0.154090731880465,-0.13132313338973,-0.131323133386386,-0.116638337542475,0.0334219615638528,0.0459416003782824,0.0503122149208567,0.0190571093036054,0.0161073273817921,0.0158555927458949,-0.137300536951358,-0.148244816667276,-0.205721829731692,-0.228243382515079,-0.228243382516132,-0.203703076494811,-0.203703076494811,-0.203703076494043,-0.203703076494624,-0.203703076494887,-0.203703076494812,-0.203703076494811,-0.203703076494811,-0.203703076494494,-0.203703076494811,-0.203703076494953,-0.20370307649495,-0.20370307649495,-0.20370307649495,-0.20370307649495,-0.20370307649495,-0.20370307649495,-0.20370307649495,-0.20370307649495
polyphosphate [cytoplasm],-0.42672169330076,0,0,-0.427159508311939,-0.427159508311939,-0.427159508311939,-0.427159508311939,-0.427159508311939,-0.427159508311939,-0.427159508311939,-0.427159508311939,-0.427159508311939,-0.427159508311939,-0.427159508311939,-0.427159508311939,-0.427159508311939,-0.427159508311939,-0.427159508311939,-0.427159508311939,-0.427159508311939,-0.427159508311939,-0.427159508311939,-0.427159508311939,-0.427159508311939,-0.427159508311939,-0.427159508311939,-0.427159508311939,-0.427159508311939,-0.427159508311939,-0.427159508311939,-0.427159508311939,-0.427159508311939,-0.427159508311939,-0.427159508311939,-0.427159508311939,-0.427159508311939,-0.427159508311939,-0.427159508311939,-0.427159508311939,-0.427159508311939,-0.427159508311939,-0.427159508311939,-0.427159508311939,-0.427159508311939,-0.427159508311939,-0.427159508311939,-0.427159508311939,-0.427159508311939,-0.427159508311939,-0.427159508311939,-0.427159508311939,-0.427159508311939,-0.427159508311939,-0.427159508311939,-0.427159508311939,-0.427159508311939,-0.427159508311939,-0.427159508311939,-0.427159508311939,-0.427159508311939,-0.427159508311939,-0.427159508311939,-0.427159508311939,-0.427159508311939,-0.427159508311939,-0.427159508311939,-0.427159508311939,-0.427159508311939,-0.427159508311939,-0.427159508311939,-0.427159508311939,-0.427159508311939,-0.427159508311939,-0.427159508311939,-0.427159508311939,-0.427159508311939,-0.427159508311939,-0.427159508311939,-0.427159508311939,-0.427159508311939,-0.427159508311939,-0.427159508311939
palmitate [cytoplasm],-0.0603748618811221,0,0,0,0,0,0,0,0,0,-0.410959267476592,0.13418344691344,0.0306034130033559,-0.249744241398098,0.189663844546747,-0.0742840321128177,-0.0742840321201447,-0.0723171774834169,-0.0723171774871289,-0.0723171774811027,-0.0621456938951565,-0.0621456939206249,0.0928983442986172,0.0928983442923904,0.0928983442732695,0.0928983443057217,0.0928983442910542,0.0928983442910543,0.085594447940227,0.0855944478950135,0.0825510670120282,0.0825510670105213,0.0259357124358853,-0.0917133184455122,-0.205451978495791,-0.244284454595137,-0.243621813242551,-0.248148819486567,0.17911673468529,0.327615003443728,0.4354696999117,0.435469699965018,0.196922026807266,0.142084167875415,0.703324814517256,0.672850910876268,0.628516121336328,0.580804750039751,0.542092661746923,0.506225555952232,0.441529789900547,0.432539800996641,0.56942365304954,0.508366360661319,0.49140910351795,0.4920655910663,0.516292393794379,0.512387700053749,0.507285831670728,0.503578747306306,0.501317266606456,0.501317266606376,0.501907902931309,0.502288299930814,0.502288299930949,0.502288299930798,0.50228829993059,0.502411208026097,0.502411208026097,0.502411208026876,0.502411208027003,0.502411208026097,0.502411208026081,0.502411208026096,0.502411208025985,0.502411208025985,0.502411208026109,0.502411208026109,0.502411208026363,0.502411208026363,0.502411208026363,0.502411208026363
palmitoleate [cytoplasm],0.0675721284715675,0,0,0,0,0,0,0,0,0,0,0,0,0,0,0,0,0,-0.1935806110803,0.153670691927465,0.442495791452545,-0.157993651320335,0.130137543228761,-0.14078206378896,-0.0865194290445317,-0.198650239605288,0.0029110265129461,0.00291102651118528,0.00291102650458128,0.00291102651171251,0.0818778663604839,0.0837992017188696,0.0837992017185184,0.0837992017175398,0.0837992017184029,0.0855939556468663,0.0960728138011894,0.269081726158424,0.269081726159949,0.265352320497734,0.269400753987951,0.259077322057326,0.260254896856948,0.259445882994987,0.371194949056394,0.304372748213931,0.304372748277846,0.17584081454606,0.175840814545919,0.17246035249998,0.0993516134895674,0.207408782764782,0.324471468314958,0.267356896746798,0.247039966270508,0.107336307464027,0.104732263213189,0.0815999212534455,0.0753210779742096,0.0951382518138775,0.169676875688016,0.188361671967677,0.191838838628466,0.212133341447475,0.236379876285735,0.257626736146098,0.260588721576394,0.266867364282601,0.362568579708371,0.390711107876958,0.383447957906274,0.383447957906523,0.383447957910813,0.369954572989749,0.370243363106853,0.370243363106684,0.370243363106908,0.370243363107752,0.370243363106832,0.370243363107412,0.370243363106907,0.370243363105803
stearate [cytoplasm],0.14025229817527,0,0,0,0,0,0,0,0,0.22221732636473,-0.0611327707502917,-0.0125216641674394,0.205027411810315,-0.0271534495294896,0.130888923118908,0.130888923129232,0.13049073371129,0.130490733711281,0.13009835541847,0.097993539372893,0.08608699958856,0.20284551362645,0.202845513625911,0.202845513588096,0.202845513626094,0.202845513684599,0.202845513626067,0.192121112919947,0.192121112916655,0.188931032197151,0.188931032197039,0.157599407760425,0.0977052717682525,0.0089936564279304,-0.0372060835262184,-0.0372060835270272,-0.0370317842952744,-0.0648362114322475,0.35437352165501,0.296603730899883,0.337333685435993,0.416319635272317,0.240341812282525,0.14368901271827,0.0887767308365041,0.379562553779288,0.322016654453095,0.306942539031132,0.283247456991797,0.276003227749754,0.253273030206303,0.431377410137986,0.392060312941085,0.373067705509115,0.372011593496256,0.562624722680765,0.536609932173156,0.524530803128254,0.523793851750468,0.516482647364054,0.515763372919881,0.516425284242027,0.516425284239455,0.517276950843492,0.517904218169236,0.517904218169201,0.517904218169088,0.517904218169234,0.517904218169234,0.517904218169021,0.517904218169235,0.517904218168471,0.517904218169196,0.517904218169196,0.517904218168187,0.517904218168187,0.517904218168795,0.517904218168795,0.517904218168795,0.517904218168795,0.517904218168795,0.517904218168795
oleate [cytoplasm],0.106002141193794,0,0,0,0,0,0,0,0,0,0,0,0,0,0,0,0,0,-0.507950579792484,0.00980757214748005,0.0787422576281862,0.175831628849534,0.0700345979910721,-0.172431204257302,0.0921011109996726,0.0853538514436492,-0.036984304748796,-0.0369843047483678,-0.0369843047481562,-0.03698430474769,0.0636716367709622,0.0671523755560418,0.067152375556809,0.0698318820353143,0.0698318820353886,0.0698318820331128,-0.179766609808474,-0.179766609809528,0.207610530696404,0.211046723267121,0.209984173377488,0.212571375340276,0.212571375343671,0.213855886529979,0.21385588653036,0.373787274725035,0.373787274723364,0.266539183218433,0.266539183217365,0.262306783350817,0.237079558015957,0.217414902769871,0.486216321196064,0.371820273947959,0.338437744940524,0.212481911344922,0.194175532240912,0.173119164778483,0.165116444007233,0.217106393393407,0.284109301978949,0.284109301978821,0.222023095219684,0.233704853343816,0.246602140180328,0.256825225645488,0.256382797879108,0.260408562191257,0.308850515553994,0.338024891459059,0.367633923243728,0.367725186679336,0.367725186678531,0.359966773269995,0.360046080266284,0.360046080265253,0.360046080264347,0.36004608026435,0.360046080265079,0.360046080264971,0.360046080266096,0.360046080265262
glutathione [cytoplasm],0.0185084640206678,0,0,-0.207306941632664,-0.215386953708041,-0.215386953708041,-0.215386953708041,-0.215386953708041,-0.215386953708041,-0.215386953708041,-0.215386953708041,-0.215386953708041,-0.219631859459356,-0.219631859459356,-0.219631859459268,-0.244399274264636,-0.286232254513201,-0.286232254512822,-0.286232254512719,-0.286232254515172,-0.316445517739838,0.270386196452582,0.188131730178639,0.138833265863993,0.357842231154631,0.393306305244328,0.33249036093096,0.463818245957872,0.463818246138796,0.493815173044733,0.516601401926629,0.449506665055772,0.501735928698034,0.498948912824151,0.495595657719038,0.495595659227564,0.510445682166898,0.445027890132079,0.260238192277489,0.256585749245026,0.252766448031932,0.253603502653738,0.242134532038153,0.2421345311618,0.242134531931464,0.112731604905337,0.116910398234682,0.133696695244843,0.133696695235731,0.337946771860001,0.337946771882336,0.337946771874959,0.33794677190627,0.337946771668793,0.337946772771875,0.337946771874112,0.337946771977759,0.337946771869515,0.337946771798346,0.337946771873968,0.337946771873652,0.337946771872913,0.337946771704848,0.337946771874037,0.337946771815004,0.337946771872957,0.337946771867982,0.33794677185962,0.337946771909906,0.337946771873664,0.337946771919049,0.337946771871751,0.337946771873296,0.33794677188624,0.337946771873296,0.337946771873591,0.337946771873295,0.337946771873296,0.337946771873296,0.33794677187333,0.337946771873822,0.337946771873296
(S)-malate [cytoplasm],-0.336698496244217,0,0,0,0,0,0,-0.125971562634632,-0.0908402150103342,-0.0908402150103342,-0.0908402150103342,-0.214544034902903,-0.418549048856071,-0.382223153471081,-0.361288947339583,-0.36128894733952,-0.361500862558349,-0.361500862558357,-0.0918984572107817,-0.0918984572107166,-0.167034143744019,0.0892767013409006,0.0892767013687573,-0.165863707827094,0.0920456750071955,0.0954679040994423,0.194840993499469,-0.243998423662753,-0.102275073709504,-0.113179165888407,-0.114229114143849,-0.0321233258815137,-0.032123325852549,-0.0148015738286655,-0.0553063795064154,-0.0115759922076852,-0.00961894862998116,-0.117594358744128,-0.111670461073794,-0.0514934255384174,-0.0327090661221977,-0.0114442135055133,-0.0114442135063383,-0.0113585573397461,-0.0113585569362163,-0.0234724545174851,-0.0233950493304208,-0.0233950493198768,-0.0233950493220388,0.114366637852126,0.125445967212202,0.125445967213265,0.125445967213884,0.125445967192343,0.132034875205141,0.132034875201554,0.132034875203437,0.132034875202936,0.132034875202158,0.132034875203704,0.132034875203271,0.132034875194855,0.132034875203096,0.132034875204016,0.13203487520317,0.132034875203037,0.132034875203336,0.132034875203554,0.132034875203365,0.132034875201594,0.132034875202902,0.132034875202902,0.132034875202717,0.132034875203359,0.132034875203359,0.132034875202401,0.132034875203019,0.132034875204305,0.132034875204305,0.132034875211371,0.132034875203037,0.132034875203037
keto-phenylpyruvate [cytoplasm],0.418574520502002,0,0,0,0,-0.171908502392179,-0.171908502392179,0.375357189442881,0.394908630278782,0.406067260250076,0.413744200485097,0.419384755877145,0.423704900999343,0.389950488321633,0.375890405083755,0.375890405084048,0.413894577093521,0.413894577093601,0.41389457709356,0.389535111893285,0.216312426272423,0.251886988381852,0.166865179251022,0.140790767067155,0.307353249335523,0.309669622698331,0.310106605971888,0.240257690769405,0.182101712557708,0.182101712539167,0.17825137479446,0.17825137477033,0.177170857693771,0.188234808452335,0.184158494783781,0.191280306459675,0.203152941101293,0.203867390124079,0.186024397693974,0.186024397683104,0.169530104314894,0.168606889206771,0.175250164662066,0.17525016467212,0.172574457043636,0.257810171099641,0.257810171090852,0.257810171164334,0.255010883843551,0.255010883847915,0.255010883842394,0.255010883861437,0.255010883844563,0.255010883845159,0.255010883823929,0.255010883845918,0.255010883845299,0.255010883843329,0.255010883843833,0.255010883844832,0.255010883851599,0.255010883849352,0.255010883853539,0.255010883843604,0.255010883843613,0.255010883843687,0.255010883846589,0.255010883843853,0.255010883843853,0.255010883843518,0.255010883844016,0.255010883843851,0.255010883843791,0.255010883847234,0.255010883843853,0.255010883843853,0.255010883843853,0.255010883843765,0.255010883843899,0.255010883843899,0.255010883843899,0.255010883843943
pyruvate [cytoplasm],0.0200193218170114,0,0,0.191727141274703,0.0240967671689187,-0.236033588844856,0.0195734991435831,0.247454972733328,0.554916170359804,0.554916170351058,0.554916170350877,0.63850315276905,0.305635173277832,0.305635173283917,0.0765375150453602,-0.115654787590112,0.141726392818007,0.141726392807543,0.279615667180415,0.280326522466526,0.27827481503524,0.269843224593376,0.275209159493362,0.277709468531427,0.277709468524126,0.277709468551675,0.277709468537477,0.277709468508445,0.280679650492918,0.280679650420623,0.284404886665111,0.284404886636905,0.284404886692938,0.284404886678456,0.498842284499543,0.49884228449372,0.498842284499541,0.498842284503955,0.498842284500961,0.498842284501598,0.49884228449633,0.498842284498,0.49884228419909,0.498842284463514,0.498842284488088,0.498842284494889,0.498842284498488,0.498842284500891,0.498842284495218,0.498842284492288,0.498842284496372,0.498842284496422,0.498842284496607,0.498842284496452,0.498842284496874,0.49884228449602,0.498842284497062,0.498842284498508,0.498842284497063,0.498842284496486,0.498842284496186,0.498842284495608,0.498842284498224,0.498842284498224,0.498842284496352,0.498842284497542,0.498842284496367,0.498842284498114,0.498842284496448,0.498842284496325,0.498842284496325,0.49884228449654,0.49884228449654,0.49884228449905,0.49884228449905,0.498842284496502,0.498842284496502,0.498842284497499,0.498842284497499,0.498842284497499,0.498842284496594,0.4988422844964
trehalose [cytoplasm],0.672650346069461,0,0,0.663170984176405,0.679236084016209,0.679236084016209,0.679236084016209,0.679236084016209,0.679236084016209,0.679236084016209,0.653512586989628,0.645325744117335,0.645325744117335,0.645325744117487,0.645325744118462,0.666711171782607,0.66671117178208,0.624570778557156,0.615712140952334,0.61571214095063,0.615712140951457,0.615712140945703,0.39852608082164,0.394108688905061,0.394108688905199,0.394108688902967,0.390663606217655,0.372104903305328,0.372104903308206,0.372104903298964,0.37210490328438,0.372104903292121,0.372104903301526,0.372104903291293,0.372104903289584,0.370366617365795,0.370366617363408,0.370366617364346,0.370366617368387,0.370366617354919,0.343751487113471,0.329724167401134,0.316451652925166,0.294803695204386,0.291406457644829,0.274733319934475,0.248998102031771,0.249295306368212,0.248018782401472,0.252969803598691,0.160914811935222,0.154832395801431,0.154832395811563,0.167433233794134,0.40304333316372,0.40299853096905,0.402430974402637,0.399996426884646,0.362061216352651,0.345670254480102,0.317799853872846,0.317799853872523,0.31779985387316,0.322972211126124,0.330079553851198,0.330079553851034,0.33007955385109,0.330079553850995,0.330079553851228,0.330079553848962,0.33007955385123,0.330079553849519,0.33007955385111,0.330079553851076,0.330079553852139,0.330079553851169,0.330079553851088,0.330079553850506,0.330079553850958,0.330079553849875,0.330079553851205,0.330079553851114
