Row,P0_05,P0_11,P0_16,P0_22,P0_30,C0_05,C0_11,C0_16,C0_22,C0_30,N0_05,N0_11,N0_16,N0_22,N0_30,L0_05,L0_11,L0_16,L0_22,L0_30,U0_05,U0_11,U0_16,U0_22,U0_30
r_0005,0.746301752912025,0.692104574457397,0.62983319782862,0.61461472132921,0.564400864794393,0.828913259360454,0.800710838410815,0.757428734933178,0.800831604201176,0.714848509601902,0.789164793291319,0.673511300910681,0.652992182178074,0.536115408042399,0.564085011845652,0.573058260956464,0.5289199692747,0.491391557628685,0.544240307425,0.529787178135251,0.75792923627749,0.683823613626765,0.553386215334234,0.546646961706471,0.58320927682661
r_0007,0.547218770889732,0.51142089710607,0.531866410515969,0.621226971090325,0.655006297503922,0.345555904075775,0.400897217754268,0.387100944621721,0.425450695677734,0.458578204431569,0.372580279864352,0.447962795192433,0.476015278378428,0.54221268304144,0.5330355336292,0.903990650783545,0.844407719428805,0.88567544291603,0.750886390883183,0.647156775920617,0.45621572496941,0.652574981360699,0.741964922196258,0.667812884773685,0.571867221488282
r_0016,0.491640964548921,0.463548749522512,0.469167589839857,0.485776361638304,0.521219711259995,0.450687568212029,0.468007470856776,0.453624339010309,0.432465737122528,0.435973028824348,0.371878473933154,0.345607479151477,0.357864329155427,0.404220786822515,0.477859371339105,0.929772108124609,0.84236136380421,0.794609374295503,0.707886042270554,0.500310118266312,0.355842807236152,0.443363957841917,0.496974909459998,0.449952478112709,0.437877567150475
r_0018,0.557172512452687,0.659197000093783,0.669262478010793,0.755046755334069,0.800677762688696,0.573222653475302,0.723753318196224,0.726813849287272,0.70601196170736,0.754280532054272,0.537408960199505,0.559398650904567,0.573498119043223,0.648543915660062,0.703502881027399,0.833509190351137,0.804383282599385,0.798425201111891,0.757749221663037,0.83041360702856,0.566689968611183,0.730505476092864,0.621344310496853,0.737285089913972,0.72107024731852
r_0023,0.12512552280445,0.142346338928903,0.144400090729341,0.154208387428624,0.213151347138578,0.123430573781923,0.156013252230322,0.148115623167399,0.125161297535285,0.14640089318762,0.126421640487372,0.149648568447573,0.163837868769841,0.168425091823855,0.194120820085824,0.897998395226196,0.759875980014255,0.669238384094292,0.576261900479101,0.276648628404731,0.119668338765362,0.174736308718004,0.192439968871331,0.179661384952024,0.161623778843965
r_0025,0.216972324724212,0.230302119381157,0.224415984610755,0.247376466200675,0.264230008916106,0.194196343204412,0.208864420018033,0.190545918144066,0.169995021433862,0.187405467741824,0.159259292240643,0.142113239231717,0.16018155279942,0.184701430671339,0.230028290684482,0.885667291597307,0.660089335713392,0.587791337166787,0.478221213316806,0.292154379494605,0.165638996228994,0.224894559538928,0.228813177912825,0.234647504512349,0.215803816833951
r_0027,0.51433794723041,0.578363906083767,0.573536504100575,0.622499291475406,0.639373712746115,0.53919900487285,0.637738674172009,0.63028505540866,0.578972056558882,0.604842674594933,0.487004572569185,0.473687554830825,0.481136705394665,0.550295434250651,0.569930701299843,0.774291760151879,0.708449302365122,0.691508446914806,0.651481354781121,0.705726338709961,0.502364488579971,0.614106965547667,0.540733049083016,0.604493335085491,0.605822498233304
r_0029,0.117748128573839,0.138974748824357,0.140006756254682,0.149596051826693,0.211833577690067,0.118990116704776,0.154459364833875,0.145974388485619,0.121669253013485,0.144948118289792,0.124457523825519,0.153951685003828,0.171579857989586,0.17040775419062,0.194652993613219,0.904041007504749,0.816220545728788,0.712794101407155,0.628346403493746,0.293003837981925,0.117374148056744,0.175453242643967,0.191531702007224,0.18065660404901,0.160214187178319
r_0032,0.641596594508612,0.601255329228136,0.615452835531152,0.663714511265971,0.726206154455962,0.510773419727229,0.490971376228314,0.464639017783403,0.500993885191891,0.651627647507316,0.638171889431881,0.661772588281322,0.629932844297147,0.667753656789446,0.737125500967947,0.998498671278436,0.867012975684108,0.91013084432763,0.795283834625156,0.722177712127911,0.531402986670229,0.618629707264903,0.699657683220571,0.660541908415402,0.731718856051804
r_0039,0.52551902872988,0.503427077851451,0.50621577558234,0.51258481842054,0.503328840880204,0.481127922375572,0.494590817080391,0.473520435266547,0.431998841925088,0.427342173282427,0.336327937786034,0.371991285288099,0.37800029306368,0.411980887364153,0.468186913975864,0.652646495500191,0.615435896156575,0.61113585769373,0.56848397889042,0.486878872169629,0.428504261856738,0.57344651365553,0.539510909028768,0.483057629953014,0.455884436304906
r_0040,0.523536820532318,0.497820608034015,0.499926678649947,0.501026649727877,0.489956919295007,0.486879587135885,0.499183712911154,0.474776530318237,0.432704278216748,0.427862146323632,0.341035526041972,0.373827617169296,0.376169458785295,0.400137813563317,0.467009992390938,0.630364188596619,0.589898784656177,0.586182973613022,0.54870201093292,0.473216803266172,0.431909453179861,0.572743303427578,0.539061836373685,0.484480464205305,0.449724497210709
r_0042,0.530161605369471,0.493024222008227,0.492442752139441,0.492513582266237,0.476362862092749,0.516065725303453,0.518685783330746,0.496251450584667,0.434298749387609,0.43514243629952,0.351806506078202,0.381447753941552,0.377887817298283,0.37044143673753,0.47250393378773,0.599076873659622,0.56118329823592,0.531445402179644,0.52543214412111,0.474222218390735,0.44008312168603,0.578369531575325,0.548774760511541,0.486492422556967,0.446839326238992
r_0060,0.121883249824546,0.140092810197827,0.141778207103515,0.151416118768152,0.211376429975885,0.12118563873547,0.154313289277559,0.146343606004129,0.122723804877262,0.144488931307898,0.124796311514462,0.149819358842002,0.164843827751024,0.167812905371387,0.193308270477934,0.905054780877886,0.764752820924853,0.673310414968969,0.583832094815344,0.278823500878596,0.117732132183415,0.17363016693274,0.190383412918391,0.178508778743162,0.160057115194119
r_0061,0.119415370040222,0.138903257149604,0.14004549479474,0.149844715345967,0.210574667648234,0.119342957942945,0.153615527409898,0.145295956171917,0.121460295305406,0.143715822090137,0.124267314388588,0.151327713227904,0.167216248122823,0.168339506129941,0.193364409335469,0.905701464161244,0.772275599763688,0.680540663425993,0.595390727870471,0.284015753005833,0.116755536359049,0.173842350133794,0.189503620294683,0.178847763680285,0.159593076198601
r_0065,0.539325398019074,0.51763954880957,0.520790041214069,0.518703401606412,0.511583190635866,0.492758290277483,0.510488073977786,0.49260542403607,0.454797691160991,0.449101693923913,0.342289915997445,0.386426500345991,0.393473859953946,0.418460664060236,0.488906413391782,0.651100582316897,0.612901838923731,0.609385149919103,0.570371770013528,0.488155623506661,0.437571090695231,0.587731688387898,0.54248202033347,0.49211508314439,0.464489353449137
r_0079,0.622671901805511,0.592510156967995,0.626842829322614,0.692937954995073,0.834067436573271,0.418290463369009,0.519507603021661,0.507148507707427,0.51487659519003,0.583116956134698,0.506321577108073,0.57633792832967,0.59945748826119,0.745106468118869,0.838535044820691,0.654626047846787,0.77693946321364,0.799576886037736,0.809809463592421,0.893396821043466,0.577907846977895,0.755110411191623,0.772746025187135,0.809770153924931,0.803806831183604
r_0080,0.5222534623245,0.560952742491094,0.609241772165587,0.657865489748121,0.771951829911977,0.45155243242136,0.522209993512566,0.544073586098093,0.543732977358703,0.547859150634406,0.479474780098383,0.563579884640437,0.582488313483846,0.669024447941963,0.736843448273696,0.757453751344988,0.796900638466392,0.805978250615409,0.789494558959649,0.8176842271625,0.625466464906566,0.664612038888018,0.651763643029545,0.706611475146288,0.803336994105716
r_0091,0.593587581446735,0.626998680957059,0.559238342161337,0.559572988374843,0.436171262783275,0.722794292643301,0.666992660265179,0.613174441218896,0.638246096732362,0.607272936437483,0.850614021488027,0.710855368636951,0.650502951908202,0.533928046173312,0.526915541291806,0.663509196463321,0.571207158770626,0.495364347024044,0.683322026915272,0.653588027594165,0.78299125845574,0.649852212333349,0.502785785756331,0.695899072285842,0.633794771938806
r_0096,0.376074257546275,0.355006478683477,0.350820037555512,0.36812655903709,0.391195373105853,0.315440781671851,0.328119531648236,0.329874270822141,0.315147177817468,0.324167256186516,0.294351866421249,0.271289956414184,0.285474638973155,0.313788948208616,0.358762207987904,0.954645516486746,0.77307116766957,0.728384225198381,0.61836900713605,0.376185718495211,0.264316890890301,0.32848520067082,0.375636024636283,0.338763881264951,0.335105866054761
r_0097,0.383591424805914,0.361323962948892,0.357385331973655,0.374782235205892,0.398017773223925,0.318118670700759,0.329597804310625,0.330259308261333,0.316532469244669,0.325918725344979,0.297691961859614,0.274392380432745,0.288367173184278,0.317477364119678,0.364101995771945,0.945966884462171,0.768744815977574,0.73030096666543,0.617148683807947,0.379082719593129,0.270056488127133,0.333903418104584,0.381090348104129,0.343599960183988,0.339777308279775
r_0109,0.532614686817426,0.569699415907407,0.503586953004269,0.502926265249949,0.47973409160536,0.691208094576472,0.690213091110353,0.653371895379883,0.621847820640563,0.608951122333558,0.677795296120505,0.821050094725124,0.897984398166368,0.623581994186037,0.528665275936081,0.577359284342229,0.597170153204552,0.482771335248728,0.460551434830706,0.469538430864671,0.622585630455332,0.569747069944768,0.37586711705391,0.481706909439806,0.487314070455097
r_0112,0.241345155501348,0.270227329663687,0.275144553561838,0.240883246365131,0.277421700393476,0.935640119521572,0.793955898656179,0.627088514759359,0.302975491370652,0.292795751965185,0.244578714154905,0.327159938722988,0.353273086833214,0.322862543670796,0.28411533339837,0.335288386331401,0.338486198583603,0.361034852516813,0.355920290089518,0.33084140436309,0.21014490324457,0.29005767081701,0.3197657981954,0.289626117204899,0.361815115729753
r_0115,0.245457530384857,0.25554631381517,0.318142802732389,0.372760587732469,0.45589555633409,0.327219963810203,0.33901125649531,0.286975559071073,0.253728862816324,0.2857959355711,0.330547459844445,0.359888923891497,0.360233129044195,0.352438635218271,0.41635822915915,0.889178639340519,0.745091456217175,0.724582141686284,0.582120676416564,0.415818428302918,0.405255918997599,0.503454882089795,0.484967122445255,0.445041052542202,0.336734162999616
r_0118,0.267074951647029,0.27784941801087,0.34167440942049,0.396857133956476,0.477946742566711,0.348030469863223,0.361345681660466,0.309411854751269,0.275375878501537,0.30753311344172,0.348348201048123,0.380891550089714,0.381928501254189,0.376509669465801,0.438244820061229,0.868410103975782,0.751214508194957,0.736772605416543,0.59767786302916,0.438794721291547,0.426179316842746,0.524150854919521,0.503452642573584,0.468085619894235,0.361362785704798
r_0151,0.636970923511787,0.617745410242284,0.645032209768299,0.70053228362308,0.817082196546569,0.472643451730686,0.557397898721605,0.565032097823445,0.552746322582648,0.592111432547104,0.521431655300597,0.592252783531059,0.615350683775775,0.719717959959781,0.83175258299654,0.6617492865056,0.788198634045787,0.819657689459333,0.82733610337348,0.872806236894073,0.562456982771847,0.731276676243003,0.77663047934312,0.805178593100682,0.797174199139959
r_0152,0.657274588785204,0.698399182227284,0.612433494197633,0.649659690830324,0.750626324557004,0.570876218849997,0.624106809982713,0.642164717646792,0.670255977108507,0.66285928987803,0.534735407872845,0.638235244620565,0.631174619403284,0.654157949947278,0.74384427617793,0.766365945452086,0.747744865502447,0.78740123541097,0.78623086844798,0.764586995664676,0.614318291112111,0.748617561022981,0.757680064248877,0.744764048444088,0.705494940379259
r_0153,0.634970236185602,0.673833897122585,0.584278937162782,0.622525975454524,0.724474591075954,0.56457618603604,0.602714996978141,0.636263355366579,0.665050987229456,0.643553896091206,0.518330875019792,0.620419483157248,0.612683910390997,0.631128547200399,0.720458713513187,0.750358683477979,0.725583790181227,0.758927510136978,0.754465830197793,0.7283520158339,0.596617632771074,0.733583729312277,0.735103770207092,0.71979411330797,0.683682333133879
r_0154,0.628235894858836,0.558253868711023,0.546856222123739,0.571732296046002,0.464588999259593,0.623502166630826,0.474388896890103,0.486745259809914,0.398143180655834,0.301819606777671,0.740635897131275,0.758149106790963,0.757157334400686,0.598070598099062,0.614563436180876,0.829399548900477,0.697159966972615,0.591294506892553,0.504838212898596,0.374939001665512,0.65740026757418,0.582277438865579,0.28375069850833,0.386160948924314,0.484352507922091
r_0173,0.568627611252113,0.591524951680133,0.680540034504839,0.718792269811629,0.860413198051397,0.430707196013865,0.389928472043263,0.387520339460976,0.341398884412846,0.418227366311664,0.569400376527825,0.596358276221057,0.607361944465864,0.683505603224758,0.776462891171669,0.332514554420176,0.67398028446505,0.556455585018366,0.73793433168829,0.834518604886172,0.29514400718831,0.476502768066194,0.493392059552423,0.627286376974767,0.760377395392696
r_0175,0.190052900268729,0.153135865197153,0.134811717418354,0.128858460836182,0.137161872820334,0.573936708146513,0.511828354893917,0.46862461879252,0.370644147884396,0.317772311976406,0.252264246611322,0.208450504394606,0.209826241259405,0.172556929545583,0.161876164588929,0.245755950528322,0.205377092362378,0.201603708106809,0.19913084963733,0.161783538866977,0.170599931065702,0.204526108476294,0.146823267922223,0.159369122955711,0.189150618143852
r_0195,0.725177359088017,0.625580563986789,0.517980144704417,0.506218576530027,0.415294301606184,0.684137186355313,0.659737607116439,0.548145056514462,0.600288303498746,0.537044842166869,0.825386864486193,0.64200026578833,0.648307420006856,0.46383435882204,0.447006671518387,0.482131890707498,0.417342290171927,0.365954595274826,0.40305655281347,0.413667269946505,0.797779981961896,0.680893105861337,0.496009153176405,0.462457736122102,0.520790779562444
r_0202,0.574017758269617,0.587718094775437,0.597174874260541,0.641098860408373,0.615177195542564,0.523225792103555,0.536818460881002,0.512218589931795,0.485198814976087,0.486761643434477,0.539222504551958,0.560205464802963,0.548931482526987,0.545031770103139,0.552134164512922,0.723725123537652,0.731713208838241,0.701133331137183,0.66213653262573,0.58744323580074,0.610142020119067,0.731296556910072,0.693355418142276,0.640549508091461,0.551630753639076
r_0203,0.45392685826553,0.449641580873333,0.453268945722473,0.491192632147745,0.477973557796624,0.398126976719441,0.432707636077972,0.409893513502077,0.369225625390451,0.38341939366371,0.316430966380091,0.376550891485232,0.375465722290168,0.415997330303963,0.452648207931556,0.702362588930012,0.660565414579875,0.645547078238761,0.574019621079744,0.47305193453703,0.413750303896755,0.567174082582762,0.529353359796395,0.479096657548166,0.421900571565722
r_0207,0.368302988212574,0.383771263709351,0.402382732017093,0.402569135898798,0.37550004008268,0.251031937056926,0.262779916012283,0.214722877537778,0.231883619493189,0.227392747701612,0.293508026855982,0.376571895882762,0.378870608438416,0.361987216692862,0.350458072894758,0.417752764657644,0.435319743411243,0.425197595580757,0.370174074018828,0.286427305186404,0.324941431761035,0.494020837889284,0.511801093600877,0.523364521619517,0.385900532871392
r_0208,0.361751211124202,0.379006852184151,0.397137897406524,0.397235188450436,0.36644463849295,0.243875366614246,0.256725950703644,0.208925738043015,0.226232475693426,0.222689147269075,0.28789545110445,0.369805382285431,0.369447424641871,0.357424492299938,0.342754929111874,0.400765750732149,0.423895369869561,0.411938784866494,0.359770292041127,0.279737867294849,0.316269550610751,0.484630799807046,0.506446047179474,0.518477854386747,0.37548951066163
r_0211,0.28513320033935,0.272627584253243,0.31854561016983,0.405241081732981,0.600044043183454,0.23061882097997,0.273400877384623,0.2446095771251,0.307447120340737,0.365809830867678,0.291190505970663,0.322504320080458,0.325333369430452,0.465632475496016,0.526777578329802,0.542593514165882,0.537313067857325,0.512033068327147,0.592197274967457,0.520144923139687,0.299676939679118,0.399126755448874,0.572871669742926,0.438694171286029,0.448822925074126
r_0214,0.153922457310855,0.191036160889662,0.199353490913216,0.20198404261185,0.157467844390457,0.200985955495836,0.181047353066551,0.0545003553832704,0.137514028903578,0.123802353502866,0.133432331362177,0.0356954410244535,0.146636886935427,0.251952782851797,0.152815903471561,0.113685499744276,0.135963983628005,0.129926824792297,0.153631911226656,0.138392526704974,0.419577367643648,0.498273057887286,0.433357352646023,0.537104925581487,0.358802495104778
r_0215,0.48082008419306,0.477269668415669,0.490721269647527,0.52867895793531,0.527381439857623,0.437602225670086,0.4741972233686,0.47590058526401,0.486322701842328,0.461433524479708,0.341032254880341,0.347470449766688,0.349459777225443,0.394023088234408,0.4714797729674,0.906038363724476,0.804343085923101,0.789410673071753,0.682531794239626,0.486129683544486,0.390045850565685,0.526225883799424,0.613133305912937,0.49343070020194,0.427242370146758
r_0216,0.601083235283176,0.618956981192193,0.634156943074188,0.67890921658995,0.798583782670518,0.578193836876707,0.618047292477962,0.69100811018084,0.661335645092363,0.643177094774429,0.575111411117736,0.639395283945402,0.599339398018141,0.666841100280921,0.686718704027589,0.805939775964542,0.821585843888732,0.928258403873099,0.834502599693678,0.799150612113262,0.521014905791507,0.714185764339468,0.767351841263983,0.717545313382949,0.658461936197581
r_0219,0.48269922532587,0.47929884729648,0.494907075755286,0.532651846170334,0.528416364181881,0.439025765809486,0.474713206291551,0.475738491223223,0.486018956716058,0.461301723523118,0.340981754286923,0.346226215645793,0.348431725734306,0.393898925458053,0.471081343624733,0.912679075480702,0.807306428088336,0.794328650605201,0.686176451187495,0.486947897551141,0.389822926491841,0.524143525879701,0.612175273719774,0.49208978052322,0.426202694044585
r_0225,0.548488350137284,0.510107795849361,0.530716050199793,0.620663781747075,0.647860746898307,0.343928167344158,0.397388324769657,0.383279194033183,0.423480959589227,0.456441040599456,0.37444016446657,0.445177345074875,0.473316006549046,0.535864397747053,0.524858871121886,0.907595719362036,0.84137500247921,0.877343905928599,0.741503710469908,0.637441500565174,0.45283983485676,0.646578301385534,0.734126668783862,0.65923453019143,0.564650514328203
r_0250,0.36371773228674,0.439093046605424,0.429317021929765,0.392847449768188,0.235584348287296,0.203377682337739,0.22168476166112,0.169697386403889,0.200371520839661,0.200818789791233,0.228201055199115,0.311939861399816,0.35597245319744,0.314924615417247,0.23269257520359,0.207955578987123,0.240698563753303,0.228724632666967,0.211147212816321,0.192663609578726,0.26115664783486,0.374410807319368,0.417393101889535,0.48190727054881,0.333016765955587
r_0278,0.552197545955964,0.542777300139882,0.546352767147324,0.562847086721301,0.56055651236942,0.51299331606723,0.538306807627861,0.525355238711174,0.483691687663836,0.482357138735254,0.347147773656125,0.405788492940217,0.416213607434267,0.461710365885545,0.527143111309063,0.745043412814142,0.69832853950802,0.688571829182332,0.637041206402201,0.538301440642717,0.447470215845881,0.62047222464665,0.589436535119919,0.527822829833971,0.498803179829014
r_0279,0.545264881383666,0.526348590132194,0.530690398391074,0.532604144129809,0.52681860761422,0.49690014447762,0.515702335360726,0.498567322629578,0.459952165218692,0.454624495700554,0.345622966938708,0.393907622611679,0.401665496569157,0.432010419989917,0.501783915965314,0.674477049714883,0.637927781451344,0.633292897895391,0.589877174827318,0.50262606239031,0.439370958667636,0.593169912156032,0.554649080738017,0.503405164478985,0.474596346480801
r_0280,0.604220225156539,0.639652492406814,0.546738259048382,0.502687512649415,0.703969299663514,0.601085599615406,0.7324601416193,0.831141323369849,0.722522624620857,0.690623593581504,0.466764243659156,0.526316133278062,0.507284404987167,0.487166677262772,0.627357887493814,0.341696301694273,0.515165922037356,0.394206603623962,0.501595803757178,0.784308466717809,0.544463448170252,0.695217409684736,0.912283847848597,0.76179905914575,0.698839487640316
r_0300,0.458025629330186,0.40163551293391,0.36094548188038,0.326594882921979,0.277410302468104,0.635835475633789,0.605294634065859,0.562149831165209,0.539640183143167,0.462765266315145,0.340689865230129,0.302247471704139,0.305315230774419,0.300247364067899,0.276182120721482,0.41251014787942,0.390481745923637,0.369046606035515,0.357374390065817,0.29402024809558,0.379829271619601,0.333731759786356,0.268738626048561,0.27991939451491,0.290917784511595
r_0302,0.60571072504672,0.63935540463076,0.543385401928696,0.497908793521848,0.699766256914321,0.609393438749014,0.736726446341819,0.8384652819729,0.727882977861862,0.689082298197982,0.467493331686436,0.525953080516813,0.506045136473397,0.483658633333477,0.623992878569639,0.337599782174409,0.510390383330383,0.39045178993639,0.498011307178553,0.783603137920723,0.543628122776155,0.692872103442668,0.910280080336273,0.759383991042331,0.696126242594003
r_0307,0.764780218839393,0.71563294637737,0.677963464580931,0.599066455698139,0.505530639235547,0.665393518406931,0.836944829542434,0.66877915496977,0.712220235676834,0.621899436469105,0.548121261650597,0.577892448424521,0.508869217524431,0.439530393905732,0.494274219585434,0.594416916652029,0.561080511422561,0.473114490054313,0.56725237985128,0.507177666605428,0.764058762013591,0.554671358702146,0.501434479499343,0.533491839229437,0.538340782734251
r_0309,0.597674697088001,0.56050735479013,0.60520927149936,0.629944400195349,0.611677543498229,0.454594883272749,0.455991764006872,0.435055430160246,0.45607166295821,0.478249760266908,0.489567192921653,0.537652451760455,0.535855716226435,0.564910830878573,0.623639343787587,0.679342914132951,0.688827922403849,0.716857067321425,0.683398545605719,0.686843572732519,0.70192284109805,0.706446848683091,0.706060275386454,0.706823945019741,0.663092260448878
r_0310,0.759965034439126,0.807249580895083,0.83707198736073,0.852132714611831,0.863087179813133,0.622276887561982,0.756891325817804,0.803032029580833,0.795750222823519,0.875952110833584,0.778121721219106,0.905370895290916,0.940978587194802,0.956621974849458,0.950719523108165,0.89862673785689,0.939352866260149,0.960622718848389,0.974299342056611,0.960033149439022,1,0.90228649391735,0.980099190614004,0.987077629679058,0.988087045551927
r_0344,0.643605087033305,0.642352205949707,0.682711086598413,0.68333813479466,0.711010773274165,0.563797954967688,0.610157042602059,0.507669404968299,0.353677192560017,0.588342799760162,0.587181281267676,0.507160472486026,0.634937070114982,0.645329295410867,0.702223796271833,0.653546834431883,0.657560857757498,0.672278177017923,0.685795853621752,0.701949103457729,0.654311702575405,0.714937882983683,0.711209155045196,0.706882757768917,0.64797570701113
r_0349,0.15025655081501,0.186742461568024,0.194891101711823,0.197460280395056,0.154058834374598,0.200926558936297,0.178519070207808,0.0526170277206722,0.134662914742425,0.120851492319105,0.130379742344765,0.0342779646709345,0.142405173084833,0.247720334780927,0.149514822359569,0.11107930509712,0.132768044715918,0.126923064793856,0.151028200561158,0.135907533277683,0.423156608639782,0.497574052581289,0.432018399063669,0.538243318319137,0.358779665163552
r_0352,0.367109016911805,0.347344404767649,0.343087090528036,0.36010969119795,0.384553001043256,0.312680713028173,0.325667211291325,0.32816234608674,0.312631665472451,0.320806006639022,0.290549087925714,0.267830782079636,0.281284575753833,0.308532277906931,0.351670719015917,0.96134360672434,0.778467136439097,0.731989798874241,0.619629413368777,0.373514157345402,0.257591076509876,0.322159333497831,0.368516687491003,0.332676429498623,0.329215573582013
r_0353,0.485582216642532,0.455299078063419,0.459986318051587,0.476346365086356,0.515007265033894,0.450270723117565,0.470685693129767,0.456541238637932,0.430540661754515,0.43400656727524,0.369778692615844,0.338848322839684,0.351486250848653,0.398079063660182,0.471979476760564,0.947990500918617,0.849574011993325,0.796409346285918,0.706631230889036,0.492939432527492,0.344084761297724,0.431744926583649,0.487504961735622,0.440911566139708,0.430350534559443
r_0361,0.750781465209012,0.786932940296406,0.783798336287585,0.776041336167836,0.692711596430612,0.777466744364766,0.784229353911537,0.752960562014882,0.7650264879149,0.739396604640994,0.755801397742349,0.769672216273125,0.759373368975024,0.692983038272939,0.708257766107027,0.685664672985336,0.719908505895961,0.690350523526239,0.721517516344426,0.740979624773461,0.671674673153512,0.688330646221981,0.674916598637182,0.677145195479781,0.732599771615521
r_0362,0.915471508832259,0.939266755659071,0.945512158475298,0.941534285611483,0.900045702296092,0.934717041948083,0.940060880051338,0.917388255019878,0.921218994185166,0.900329067179566,0.918321928093126,0.950643479879885,0.941929272650917,0.90532910766614,0.905835000729919,0.87684245013197,0.897893082026711,0.885213815540846,0.886981273904678,0.909191807673831,0.826218639894251,0.861283543259224,0.871117587400905,0.868546191307534,0.922715308738268
r_0363,0.730475508434134,0.760020539022436,0.708319867908279,0.605919554622334,0.500574145524359,0.71889744011936,0.730168906267105,0.801035355445331,0.933131069193584,0.766612011650371,0.695878266368143,0.571474614974881,0.576207250386096,0.491875093508705,0.5444383014592,0.584545429709809,0.558078919052683,0.490126572997084,0.53735949870851,0.519982160152332,0.663963087649686,0.584804684729154,0.498099345874673,0.517171332621483,0.52597781724537
r_0364,0.449385678702041,0.47909757762619,0.476923696284961,0.409960825093228,0.333993274207366,0.384268218531927,0.400043242817247,0.428671049496958,0.429913334572389,0.390386812330785,0.350064783310369,0.3003142163306,0.311653835802148,0.29127347833182,0.34516823332633,0.370054234242231,0.452452922947369,0.321330575184733,0.361901422798589,0.467365623049092,0.429722199776204,0.363279598277715,0.332987289946425,0.342544054764866,0.365885738442397
r_0366,0.994891503915128,0.869152872553338,0.85013269203626,0.713286975289889,0.677720440302274,0.490096427279121,0.466806604230098,0.414280657518914,0.441976221690223,0.415853229446339,0.628854489184669,0.58741274184618,0.58990154306148,0.565056366773474,0.634278807901262,0.59570852605712,0.647369332449621,0.641836284731964,0.656523334294178,0.620805733597954,0.661662062216328,0.597646909024864,0.52216979860404,0.577797908492492,0.619259044082973
r_0439,0.784450645972492,0.771252137842347,0.885865053488798,0.770831527391946,0.718633670399945,0.806068410293255,0.826530096769447,0.883713280721504,0.93168058035826,0.802050548082759,0.999926777329752,0.962089989350407,0.807847416325179,0.78260186321848,0.894038951959895,0.738901429785267,0.738648052109079,0.741087263037755,0.733800470490359,0.694549314791492,0.735131957096719,0.753056349340646,0.904160244263352,0.72198666932076,0.753930616791245
r_0450,0.898845504379215,0.745981763950713,0.729911272254761,0.668381255394123,0.610214314795438,0.460736307072205,0.418567873440372,0.386848673480722,0.360862711156286,0.356741253420654,0.527274179910679,0.45413605752383,0.456325005473255,0.469493253498953,0.534063209750247,0.550224174352974,0.624192709477602,0.586963227454922,0.576652896222737,0.597412600587966,0.61020175453601,0.572528730980094,0.514763867811817,0.544929477415045,0.544409868330056
r_0451,0.525586386499317,0.475652241945992,0.508888948297352,0.535581682937048,0.513142401661539,0.487884697061595,0.502095519281435,0.552293081939824,0.519498837333281,0.449903438190941,0.428030078811934,0.380888377902432,0.410704563457083,0.461310664684436,0.461426322988717,0.723934854740967,0.593206884127499,0.601823518684662,0.530356015324683,0.463153264851464,0.433404897848478,0.487052467237894,0.483668612239563,0.463603870000648,0.486958710574927
r_0460,0.575747744427842,0.621069117072455,0.558288321259661,0.677475920569737,0.769461410052156,0.727058528037343,0.580867517663076,0.683577463511206,0.695281493800756,0.729250085817369,0.64238824114888,0.707371778198725,0.689698777632492,0.727948473630429,0.703103935264577,0.885433797874197,0.753014535051948,0.828634686734565,0.610837912028955,0.681558854196879,0.674076077461451,0.710023345722326,0.895204817447767,0.760018265793497,0.802061445494084
r_0466,0.597835546728095,0.631504118203572,0.564200207357519,0.56467865707262,0.442254311221458,0.690496372579601,0.640476263194395,0.592093994109987,0.615171396099951,0.587541744238725,0.852072594458584,0.714909592308588,0.65534029238866,0.539824610717486,0.532873538032112,0.669664090708194,0.577626001295199,0.502098984170439,0.688921419755872,0.658364044868998,0.78640294246019,0.654724035710504,0.508380603670369,0.699608925154517,0.638659807528447
r_0467,0.977570657261237,0.891721987400487,0.885440863153559,0.83456624317814,0.763724934084931,0.58230717308179,0.54951803404009,0.547759868086645,0.541686726172768,0.490686995147309,0.650241060073019,0.637128639820095,0.652547609391558,0.656396982290235,0.682052942530649,0.746669930157821,0.785947435292505,0.779205996974392,0.795008113141543,0.800958668811453,0.835000973849671,0.805072282041166,0.800170640402502,0.765697244913562,0.725536375689936
r_0468,0.480734144334761,0.656198283413972,0.634762048409858,0.527531931344799,0.692730471727286,0.109832937641176,0.521513367884829,0.589777257195916,0.595336736178873,0.528296966877323,0.19040500601482,0.543176441805801,0.500301583605628,0.700827332894503,0.525383202217953,0.676195829822373,0.782235834660386,0.77585809583972,0.731315743829925,0.814636942811787,0.517952143042538,0.65865422178269,0.671464136994633,0.778491209039301,0.68671535090245
r_0471,0.132181567015046,0.314616041608195,0.255871058058723,0.426031232145544,0.540829273011865,0.356522002660823,0.589432726298662,0.296607448843053,0.576997315303886,0.811037103677393,0.377945299174747,0.459824231655333,0.528642880907994,0.965322639683763,0.995584331242994,0.509591421113012,0.547867746716181,0.522454488414472,0.692651744508138,0.618170859633338,0.76385095004338,0.771570974149828,0.618592852216517,0.728750873305854,0.701656553587653
r_0473,0.485030542240645,0.659177785365698,0.637480261919433,0.531895077079252,0.695640399365383,0.112073396031541,0.525211576083962,0.592940261646705,0.598508112848565,0.53181464180089,0.193748301298119,0.547009736842049,0.504789835704131,0.702535988665234,0.529825147555254,0.676910196593311,0.783696272803276,0.776852996935322,0.733477216460874,0.815597100018458,0.522313248923417,0.662424647863783,0.674542501995271,0.779643841525727,0.689404209997542
r_0476,0.35712123215167,0.372312920616467,0.409327532117864,0.523741308708353,0.735119791950177,0.184334703833051,0.293378793798974,0.225179649049019,0.315817005137995,0.470287377840686,0.830157064385919,0.870793731226833,0.862620627041461,0.998231676409401,0.934768210962729,0.337589794561352,0.565021001582821,0.49580384972521,0.536898402171748,0.626174324866167,0.698060841426337,0.800190580839278,0.613508639256478,0.687043468666707,0.619495267909141
r_0485,0.581773328135451,0.629554093124926,0.565618313566557,0.687277232132652,0.778986703701274,0.730963985133184,0.584239155336353,0.687215248163264,0.701456346763316,0.740662318681667,0.643272906193751,0.710248454335821,0.693804833903671,0.735335692234239,0.710212463134619,0.891982904384453,0.757098135357833,0.836747782285369,0.6157495706916,0.689597055204594,0.678724485790976,0.719963697916801,0.905881458999798,0.770139811636946,0.810525954616872
r_0486,0.999364636874662,0.794467248674874,0.75757462972216,0.628737131367108,0.59671626508644,0.476497142101984,0.414329012256668,0.368832178907056,0.382389631368096,0.341852581409273,0.519816217967755,0.450644363960215,0.451830115776191,0.449846364187687,0.529824539164257,0.490380162483582,0.578889844863693,0.562786299325218,0.571939285493148,0.542654829278827,0.627103702835963,0.53961507639301,0.44324703700495,0.508105678299717,0.537788207670841
r_0489,0.567627742873469,0.468697218362338,0.455691911326146,0.419433168548732,0.381346373749287,0.238028942514875,0.261225525341832,0.142498374136254,0.168032440587971,0.185979873881919,0.454397962026438,0.367918772977018,0.289706195253793,0.242982560936346,0.324302131548982,0.537309134958623,0.468088849909717,0.390621558169048,0.439922035472022,0.359219524273696,0.356729812918415,0.387461501913353,0.364922010254499,0.340142498735193,0.435096618424038
r_0491,0.877766081829021,0.712167294117754,0.690223451355231,0.629561057380016,0.568115049289578,0.863048304363582,0.797756218189387,0.642654638222072,0.543054299222464,0.452316178667129,0.668393644235779,0.475792663786583,0.452422360524631,0.433479513911635,0.470181752064506,0.600326918746916,0.597034707382702,0.579273881021472,0.558656356677059,0.511727670802387,0.599812375806788,0.608206881981488,0.531535067144837,0.499495436747675,0.58336528043326
r_0499,0.622963953650495,0.59374427619819,0.628490314273907,0.689908521111033,0.823630543962525,0.431355435289267,0.529665705743811,0.522285271964976,0.520777607648941,0.577575490613982,0.500546781407276,0.562252481819808,0.586067495212915,0.725548401775545,0.824752752599781,0.68149263615448,0.781531549362515,0.813660230567445,0.819275194361223,0.891623940172102,0.57599603180735,0.744274909061024,0.766569147345844,0.801074088660362,0.800999164626504
r_0505,0.476275034599829,0.45831521699429,0.440717814396177,0.362412182796013,0.33610648502382,0.705999856019033,0.686677682411074,0.77349764792061,0.809878413432083,0.596125006448006,0.471341646317954,0.46328376316049,0.463350725452393,0.330267492914219,0.343925506650888,0.467293122807993,0.44437263875283,0.392206867125134,0.36020330981961,0.319968501202407,0.39474084410481,0.354015474685567,0.370193804101141,0.339059910450007,0.338765845881762
r_0510,0.695806018338873,0.587534341991543,0.455203230003839,0.378856269869846,0.394526513168106,0.8974907256607,0.839473261781299,0.688726962653267,0.867697054035118,0.698518460914692,0.84348412733517,0.619246456437393,0.559564615944565,0.353522670778451,0.438691314766486,0.335660542194381,0.311791483577436,0.29128449690404,0.320315742655348,0.312742566445293,0.726744937389033,0.48183019273686,0.341552163099956,0.337333634847246,0.425095693715468
r_0514,0.718127950642821,0.762030046791243,0.780690002911699,0.813796932965138,0.834558174422691,0.628327874771269,0.74920664677677,0.683916432544406,0.750728344286013,0.760528513053402,0.762280802190516,0.804049284340212,0.796164887908413,0.808881530807033,0.949151831590579,0.327972095286714,0.784511024421515,0.428891852225621,0.444517647845629,0.804547430381548,0.735178561654033,0.76894492371127,0.722104840773827,0.70282732848914,0.855578488587769
r_0528,0.913994043032102,0.943073291649997,0.986213173157208,0.985028116026148,0.959763641281017,0.822873082348006,0.862020106709094,0.877627477814867,0.860976573527653,0.887063111082026,0.793115875437803,0.95703158522133,0.9849698268958,0.953744245983179,0.997966750400041,0.829034574920805,0.915337275710148,0.967531787718958,0.926166209981271,0.941282381541659,0.957077537746345,0.865493263266375,0.930366194831891,0.915313379862322,0.958009654630043
r_0534,0.979363960325045,0.965094600892106,0.963403540017742,0.953347060183428,0.941419036564248,0.563325723864209,0.54282567461758,0.445089284633939,0.483073667589195,0.433806709030349,0.919732111953968,0.911086090490582,0.914656964014098,0.91445540438269,0.923080529417735,0.999963623907548,0.999826044173018,0.999920379515497,0.999905022949433,0.99980320692674,0.954680283948513,0.947871331548077,0.944355453047469,0.939627598410015,0.928812038065932
r_0536,0.502296078709316,0.46439900164678,0.485417119261463,0.58181535034515,0.599435811524705,0.300374765040245,0.357019071672249,0.333196146442271,0.37570089135773,0.408522298382376,0.339109424276419,0.40457654526775,0.430479633990727,0.488554825560428,0.46075978514083,0.959822372693688,0.862796164084557,0.870060392305631,0.69447866988083,0.577663629500167,0.416868494228485,0.616654565164,0.706051000960087,0.611919605991672,0.506464747567293
r_0537,0.501751983548273,0.464502405902751,0.48567628949209,0.582203961190986,0.600903271737845,0.298458022558612,0.355846579656736,0.332158944077487,0.375414767228609,0.409276399961336,0.3399909940487,0.40555559997815,0.431591285248529,0.490090316439361,0.462984867376447,0.949446689718241,0.860034561366525,0.866190381562162,0.693482138373084,0.577881351385705,0.41738690575979,0.617016142142697,0.705470792337982,0.612242937200917,0.507303012090228
r_0538,0.49879770195739,0.464021879472239,0.485147420390078,0.582170096762868,0.602262569470629,0.29677905582732,0.355193271760863,0.331089224550949,0.375394621045578,0.410433239463352,0.341509881762221,0.407130852583163,0.433353623458334,0.492472105852338,0.465848390926833,0.935429002020672,0.854947540178177,0.859865533153577,0.692205249773105,0.578492977651269,0.418672492430048,0.618058002917083,0.704400222444629,0.613024994009099,0.508622831732868
r_0542,0.527620673057666,0.605061403988109,0.605123441449658,0.666566551432615,0.691682628289458,0.55297395066154,0.672581789135846,0.668972744008377,0.619515572455571,0.6543417005262,0.502686061970095,0.500236522691197,0.509950012714967,0.582362873632979,0.612393728733379,0.800534325921616,0.745773558421799,0.732260742208682,0.685016557528998,0.743330435671702,0.523418012981332,0.653612788956528,0.569531035488465,0.648826768770322,0.644943778889291
r_0545,0.537696014757153,0.623950114259056,0.628004444787886,0.698153266897807,0.730099333034202,0.559759825815113,0.68962978748078,0.689467370381128,0.646997423978797,0.68876204539949,0.51446069739107,0.52003904483821,0.531353663848163,0.604780764550128,0.643658010108596,0.81319516463665,0.767633399938069,0.757044265009334,0.709992069048965,0.773102347899266,0.538670142205297,0.681812430361855,0.589500488995669,0.680862352267977,0.672319352302106
r_0547,0.486269484544273,0.482459178636382,0.500241804526295,0.537720830148527,0.529425053546645,0.441385260133487,0.475375299742607,0.475433415897037,0.486286610123224,0.461669405231948,0.341417823911917,0.344649975289088,0.347344300550037,0.394140001434064,0.470849531958988,0.921120560456258,0.809612033933085,0.799352982512097,0.690018848741645,0.487655148054554,0.391082521557248,0.522400805193901,0.610273066102835,0.490635230044131,0.425441622759187
r_0548,0.243289262253779,0.378134093266764,0.421038062470365,0.352899417976518,0.426641044717293,0.393265126688185,0.456890787538208,0.483878897667956,0.429123333513574,0.416629747932475,0.352943686138734,0.278680621334987,0.378390545232868,0.329468105788499,0.489696251789652,0.784423571195241,0.651874376591749,0.615538926632494,0.610744096392716,0.463065804198872,0.430541969666877,0.498616635879399,0.638907882601839,0.544181742171374,0.454754478583719
r_0549,0.580845465885707,0.581732831925929,0.604609699400289,0.634900488194183,0.625518787327511,0.555714818233026,0.57529997736054,0.571185225126181,0.579638600731177,0.572067580391339,0.450377771874757,0.463707638482622,0.470920418186917,0.521242344164982,0.589983392108728,0.890383088898112,0.833060803635855,0.835574701269265,0.766441869674326,0.60575568826375,0.524807992562717,0.625052512068753,0.702484547538607,0.610466563463569,0.553656623961249
r_0553,0.711139877840634,0.481940707193816,0.425826091469412,0.401619832476141,0.469528074239047,0.983349040127334,0.637087142781396,0.514574917474714,0.452850953812085,0.433846864982609,0.899093097593157,0.618729407711186,0.588996455167038,0.448427138233645,0.389905310174592,0.566365058060993,0.460282778135651,0.211105799211391,0.381500244445527,0.279647340621027,1,0.603489242575549,0.474063246171884,0.473463379056105,0.0967084550824054
r_0563,0.534386892414496,0.503186946280435,0.524471187843084,0.615176756396888,0.657224249102346,0.334372994112307,0.39515499912249,0.376771249462599,0.419004959339134,0.457586462218618,0.377640343010085,0.454310005064102,0.482072862731207,0.550405144227048,0.541046416761446,0.85144659509055,0.829004480185534,0.862282473670649,0.740802979655653,0.64693662932986,0.460889767353537,0.656393632717111,0.737215456992962,0.669013924876794,0.573397083444774
r_0564,0.498898315575157,0.464120689085383,0.485532138582141,0.582659429739414,0.603972512628014,0.295280393082411,0.354665661667153,0.330260724317878,0.375407095017526,0.411690675224011,0.3435339553842,0.409174816159846,0.435483813458297,0.494928022339293,0.468539653168953,0.920870138646442,0.851504537317595,0.854683229876173,0.690785971940009,0.579390263787402,0.420459144419875,0.619525189128142,0.703882634950949,0.613995246318627,0.510045554097357
r_0565,0.669995110922304,0.66815393893248,0.698916176808714,0.744819487545214,0.832702366654986,0.496346652413827,0.57937528409541,0.596370707266913,0.583461228003269,0.620411108232875,0.478277852205989,0.596421420356158,0.626070966105698,0.72950337746029,0.818795814266107,0.645001958881526,0.745135139887187,0.815843032099741,0.831942256678603,0.871546998008651,0.581166576348893,0.746171359758944,0.795573617026932,0.828727516715328,0.776676731380772
r_0566,0.57974232287574,0.596457147275597,0.599934236993838,0.652697546502716,0.618521537906435,0.52276755569819,0.535505289267613,0.510983294915665,0.487393658493521,0.488182393969567,0.540910454315299,0.567790983680955,0.555015049254825,0.548875889582407,0.554524341429138,0.736006304977442,0.743690613078188,0.709256590738768,0.66706971666737,0.588290050552428,0.618535612191631,0.735115971739882,0.701816687516468,0.642963686722083,0.554262586391272
r_0570,0.565602334442556,0.550875383948124,0.566759290021013,0.639698208399907,0.705617178404289,0.35677497827936,0.417489813493694,0.434798295247583,0.467149066293473,0.504416432894235,0.388483740506782,0.473085437031541,0.513716407566727,0.585804627827857,0.66236224617376,0.828329471202739,0.826093800245883,0.874451947709001,0.802302076011242,0.69675025884558,0.488838460464743,0.682559931663428,0.762806419630789,0.704169640020626,0.62933084017016
r_0658,0.584196362909634,0.619976281783308,0.610735582196864,0.593873580837615,0.634665349080209,0.478649571860829,0.558119210332922,0.603108180047903,0.670587347930194,0.656447464350982,0.439388004448645,0.496116325760031,0.494903593530678,0.524573509393355,0.630126882232993,0.649922591234828,0.691287394265037,0.809624494446559,0.695011355197291,0.696749815911233,0.656350274851077,0.767950089860347,0.722494536022067,0.80350702924636,0.72360558543707
r_0663,0.386694244342539,0.322261789437453,0.338100177323808,0.350707308482305,0.471466421955305,0.346417138941756,0.338753554313813,0.334622744747061,0.254070378945986,0.282924390850862,0.293101798542543,0.303133021680132,0.305705301082979,0.359013204942533,0.455099042677168,0.990741517167183,0.848649570942325,0.793961157349309,0.68781548372928,0.405473207189187,0.247976693513932,0.370449911454816,0.40499855312238,0.366374339794844,0.359132192298261
r_0669,0.488847298062802,0.459599157851707,0.464823943035851,0.481305470423241,0.518655256319232,0.451574274443208,0.47051523576748,0.456259175177274,0.432443189177514,0.435483423867261,0.371585812810363,0.342715049331394,0.355177984250631,0.401735932784259,0.475557882910819,0.938188508029739,0.846886147537803,0.796408890424875,0.708136524862058,0.497131047123873,0.350076763362273,0.437648595837184,0.49244412031026,0.445706655645105,0.434566739127653
r_0678,0.564600131419114,0.671362476268784,0.682299420441656,0.772605964084077,0.822719678831593,0.581661733044373,0.739169259203077,0.741843918066074,0.725345729080708,0.776689770962978,0.546600886213849,0.575048565570628,0.589770413984964,0.666334227706662,0.72435946875827,0.837233988797779,0.813484327942691,0.809127472291722,0.771796014159443,0.848991995863362,0.575444362556249,0.743576773154876,0.630067724060581,0.753934054247294,0.736348007940733
r_0692,0.296437643693336,0.463804346762783,0.514319268747762,0.425047556719646,0.514244333733527,0.490848845506641,0.562204759484911,0.595669069789899,0.525284238918039,0.516445171419817,0.466006327282522,0.361592811022504,0.503714218103737,0.420999275358511,0.608518262850654,0.824737224891782,0.714149955085096,0.679835123158084,0.693226604483415,0.569783389433348,0.560900592105339,0.604778237505832,0.742436057167051,0.669801355161542,0.579673706089312
r_0697,0.710998739800003,0.481768876822912,0.425658138359533,0.401454751402689,0.469356974373018,0.983337785961978,0.636928296627228,0.51440332020521,0.452680745202497,0.433678137759739,0.899030998852295,0.618567336454307,0.588830144207875,0.448260397790814,0.389741909710624,0.566196336732765,0.460112123751246,0.210991276961332,0.381338518292454,0.279508976415009,1.00000000064311,0.603324849030862,0.473891970019442,0.473292124599482,0.0966484615850627
r_0699,0.109778605508864,0.123743745273108,0.126407465718424,0.134870766894548,0.204436331778257,0.109683799439237,0.137179636541804,0.13071070213777,0.102255615609924,0.12380264093712,0.114709265276028,0.148900681044354,0.163910446109305,0.164914950079283,0.193052994389858,0.898346954628604,0.811319707968902,0.717076478104917,0.627355524164876,0.267188028996745,0.105321456148862,0.167204132671125,0.17983143949805,0.169695016006501,0.150868742682442
r_0713,0.564451840081374,0.529968815974684,0.446609125269543,0.407118258984272,0.318230467676748,0.595032072878292,0.643998942232345,0.703932746407217,0.735827904950938,0.64086382688567,0.497861668265056,0.404530498874543,0.411966943693851,0.331730803748561,0.300412410067208,0.461683639403868,0.348441587204738,0.309231494126056,0.297256123697505,0.304211198167185,0.427039347105459,0.365254695151616,0.251383419665868,0.294723333248482,0.295513593635423
r_0718,0.4617832122962,0.39091046582745,0.380261966673638,0.393366530697517,0.496333123593609,0.289534283550196,0.392975112095291,0.345829744076888,0.310333131421241,0.335352918527827,0.384387544923595,0.394494986510483,0.35162629755138,0.468014502558233,0.528771135674955,0.73473902397852,0.628035706600868,0.694316386782852,0.662816431653085,0.475254505884485,0.377493119367379,0.518579931057539,0.444553711460996,0.473648045375265,0.483048274560818
r_0722,0.652097811139965,0.701151189507655,0.711788895916952,0.724841639769674,0.661505650572499,0.704168153573242,0.709138075418059,0.669438337517727,0.687224613398446,0.668886300589794,0.670067799150211,0.69946588475675,0.696900651352262,0.664778382179774,0.667659812277656,0.707955887407878,0.763482761300484,0.756122099480193,0.783472671306749,0.832559728002945,0.626333963383394,0.65559489738158,0.661671563980566,0.662604239604039,0.707679979547791
r_0723,0.780721530218964,0.818273531124691,0.809157670652327,0.784416021155306,0.706233132279153,0.715140476386454,0.682953367004163,0.681034930164432,0.66331378593362,0.607986345630463,0.634556917731954,0.645152498028273,0.657104041598037,0.643797911087319,0.665165792303746,0.544003233869306,0.661758364085136,0.646942666590948,0.70789877450997,0.762906475759939,0.786752263806585,0.756566557204844,0.776627241607971,0.744267562796508,0.725721747960751
r_0727,0.458828129195617,0.524501792615182,0.599385075308679,0.66365939375432,0.777571241988619,0.403416374992539,0.491409298401926,0.530424638542553,0.562553483546373,0.584760147152821,0.42874410043494,0.541552997886811,0.56197679108561,0.66964828337168,0.753440300164087,0.695359158864613,0.755174533493385,0.780808366807548,0.777357518357555,0.806322942470813,0.543102058832398,0.615085813434927,0.619762943437149,0.685562799486752,0.828041293350674
r_0759,0.245205030504725,0.255413055870901,0.31742222250077,0.371533390867112,0.453163526542238,0.325259387714276,0.337525330371714,0.286301985348998,0.25338548442542,0.284950819911211,0.32748367539417,0.357775391209783,0.358398315017785,0.351580107847025,0.413703814210849,0.873073372805286,0.738024094533301,0.720094320105732,0.576351465531065,0.413458353135466,0.40235939973686,0.499995047423227,0.480471242932275,0.442790304839885,0.336124235245772
r_0770,0.101776823269891,0.102394437892133,0.799717251471985,0.0991947877634167,0.416221709283873,0.0950118543727619,0.11717603601388,0.151810475007757,0.352416655409243,0.300939131668929,0.847907190411185,0.729355516702532,0.624093421438437,0.4217337613351,0.719253500138265,0.518443249052007,0.167184282341231,0.354183668690323,0.314251300681982,0.191343395105691,0.359012632365767,0.415506705499853,0.682365843839535,0.530783262171909,0.414801733574697
r_0773,0.638994787112998,0.604321602483127,0.507467798992609,0.432030694356114,0.223901616376009,0.739408775662032,0.772554506490546,0.892595780879241,0.813443480760609,0.681554541845801,0.564912955834575,0.509172074153351,0.526315162500274,0.342337247956444,0.254735809803922,0.463875846983132,0.336685077509405,0.200598604898244,0.231177343874202,0.261541216200755,0.532205947035319,0.408220022421474,0.257489650752118,0.240210095895557,0.287179438088734
r_0799,0.729307628836881,0.759559803916802,0.707877785144501,0.605242076726946,0.499995297091834,0.717750405274897,0.729339100683514,0.800524006997701,0.933308220039648,0.766348540092201,0.695048542494923,0.570628610021343,0.575542227346958,0.491356814942796,0.543965458989281,0.583796045276583,0.557442723437335,0.489502146296301,0.536742755391315,0.519451992518755,0.663212356530579,0.584154452913176,0.497498152362197,0.516648205350234,0.525480080602862
r_0811,0.886111756744818,0.735572522098018,0.633501173044415,0.552432465300967,0.409225811538082,0.862132747379123,0.795754700808783,0.855009603618525,0.974315684422352,0.732638582964285,0.711378730440812,0.540097853005765,0.509097794383703,0.389590066828888,0.433647646961168,0.506353009830556,0.461453922251731,0.388300878205738,0.435255459901915,0.406118124095465,0.643771955648057,0.516810377057732,0.40608340902563,0.413928677366717,0.421180676579418
r_0813,0.579838131315077,0.576903041043088,0.588950906882232,0.612988038571056,0.619336467552116,0.608711319453317,0.622653770468706,0.610853187892252,0.625015760761094,0.592679282710908,0.495764099494965,0.509272883671466,0.513880150731143,0.547077094833263,0.609842998289514,0.929899188062719,0.880265952857273,0.862915389560213,0.794849388800615,0.640237539461359,0.524892569283891,0.611631578435536,0.683217193685073,0.60415844185304,0.565968319749056
r_0816,0.342801806073745,0.358980694640287,0.378135758478971,0.37438801715819,0.334433385345424,0.220027822089861,0.232032723339106,0.185074583900687,0.203314925220148,0.201851871044698,0.271436446432282,0.35378337797034,0.358589602888726,0.342145994464515,0.3189275075087,0.35722629121332,0.385113370961859,0.36866429721194,0.324779198756274,0.251986995219201,0.30015743156142,0.460464760882266,0.472538468781888,0.49534901093084,0.357878830777482
r_0818,0.256288695402965,0.265894261776265,0.32811521015557,0.383293343355082,0.464785520677667,0.338180869732628,0.349540035827663,0.296543146508316,0.262409941613659,0.29593082933396,0.342961808359055,0.36912381981362,0.369364340140302,0.361382651886625,0.424988140588277,0.908029380067206,0.749307969927916,0.726622117739912,0.58495678780412,0.422421625249161,0.408994935915887,0.506438032961528,0.492619529077804,0.449879225827445,0.344387023906865
r_0820,0.190176752687085,0.21973175019548,0.231638181428832,0.246359650763079,0.200148954462436,0.265751231432786,0.234669784349943,0.0709455305025078,0.176825480558327,0.159393547215195,0.170879882075123,0.045854900454202,0.182704280771249,0.304234276040459,0.194027712349372,0.143070663592013,0.171798145305056,0.163947642590164,0.195227635773789,0.177358048953675,0.450144096880873,0.419471368559367,0.467133204722715,0.494811241916852,0.329959951599919
r_0821,0.180260311529226,0.208873203672806,0.221040631601751,0.23669219191594,0.193157738117477,0.260600626999359,0.227472300334985,0.06624450115772,0.170247080345826,0.152986904039303,0.163888610064512,0.0422810781213464,0.173552483565463,0.299683623291596,0.187382043072494,0.135944000402614,0.164064077554933,0.156488982330619,0.188734869290976,0.171119315439031,0.449031585805207,0.412896614826985,0.468681110287673,0.495436100801044,0.323771657231557
r_0831,0.478580391565694,0.46530748747752,0.448814115375106,0.36561988236717,0.349490162456725,0.72038482631507,0.700250893318076,0.802490433039413,0.781903450346548,0.594841098748919,0.471998106392942,0.455996214120511,0.473930865941071,0.343750008236722,0.354229039975336,0.351526242171389,0.311118330443068,0.289313732983125,0.283915451314443,0.273222060879801,0.406845943733241,0.365235765267591,0.343126921343026,0.326081487998998,0.342097825333255
r_0832,0.476140000544803,0.465232752807776,0.449061829850466,0.365851590840106,0.350765602172641,0.712481090401485,0.693751944814851,0.791330506198156,0.779071889694728,0.591785044968164,0.469954504474379,0.460454449522714,0.472672042464016,0.344358628909198,0.355459593283107,0.351703761933063,0.314153986048224,0.291587475820557,0.28698397424864,0.276526905086021,0.407387619386026,0.36649229531511,0.346302087036092,0.32907126671695,0.344428670134607
r_0855,0.630536900020345,0.60530998643069,0.633873278575149,0.702487816736957,0.838932814843217,0.433917781428125,0.534093273558484,0.525929569793775,0.530103341803694,0.589086225084519,0.514528248822789,0.582405784943218,0.612385374343603,0.747742686071823,0.843665233153129,0.667655955825025,0.787186025642501,0.806004289309082,0.816496060077295,0.901627962614385,0.585221973995617,0.754017818508399,0.775467674938437,0.813157616737493,0.810452807554024
r_0883,0.630706523110645,0.561078291161033,0.550536917727494,0.575353638686274,0.469297347679343,0.623722902206422,0.482334697989387,0.494834835121497,0.40413754040229,0.306122884663242,0.735876356524677,0.757618090373109,0.758367436415837,0.602179310642919,0.619493841224144,0.82876926385809,0.69717980402559,0.593317874320085,0.502621864682323,0.375382131101429,0.661696123480033,0.586986628179932,0.287266059444985,0.390376203095831,0.48937862030785
r_0886,0.492106009860781,0.574305372120549,0.590793291716734,0.646849120042828,0.668511737325815,0.469355968425596,0.458117968051891,0.469575068023791,0.500109641530117,0.533595175333134,0.558553768581995,0.550244938830991,0.579897929221527,0.559791597387424,0.622623535440157,0.675556731041847,0.625138473313547,0.722029572876025,0.705138953122528,0.779792593184452,0.456028419679704,0.581001840447604,0.666923963696256,0.616895583542046,0.577284295903284
r_0887,0.906284701975246,0.77897393978347,0.752662300882495,0.688291633596333,0.662612425847549,0.42467712759239,0.417838022244636,0.428160130644939,0.427290456490485,0.437986718088943,0.54586431358169,0.617845211213035,0.619810286557803,0.557083164800702,0.610056597699249,0.711500644836564,0.802389903680276,0.711086315160529,0.681354627965449,0.702911854205741,0.671712977759912,0.648427243915966,0.687667937614141,0.651102623483266,0.591331007569739
r_0888,0.616370248381554,0.572990420371452,0.500032351653536,0.524104947000597,0.552982402688687,0.760401651605221,0.706931929960647,0.576851895660719,0.632545390486173,0.55745640990069,0.890617222757382,0.711813099979658,0.678366887280974,0.503906187109011,0.519268976940546,0.412714307959779,0.369283481241889,0.356325928830653,0.411056174421733,0.409234217001181,0.845012603468646,0.771067737536203,0.520350038448707,0.493063124515397,0.584693324938943
r_0889,0.51732586711705,0.567453311934887,0.543103485816873,0.563022659772954,0.456511403933173,0.695981248431713,0.664993874818128,0.638259391934567,0.689199144595763,0.663108883508049,0.675932333170802,0.604284519660386,0.587127985918943,0.513972532597824,0.516636086698837,0.566864915293267,0.503610790402016,0.479305926547922,0.604649748219677,0.606439656825292,0.808101598464287,0.654925888789761,0.529800857428694,0.688757711760421,0.663033519452124
r_0891,0.649074803467233,0.556600172086472,0.592575582590992,0.609103227109051,0.577029183997368,0.372999241562749,0.372546308740129,0.347531103758586,0.341992101700051,0.368576326801128,0.358741534496039,0.399579389607276,0.387993846639517,0.408087184404318,0.502528338751274,0.521900405481172,0.559993230131318,0.577977010892554,0.562791700242491,0.546155085589637,0.632461685101082,0.66681364280927,0.608839598955253,0.600092321131399,0.540622642050151
r_0892,0.994995888068561,0.795469100828868,0.759552878631122,0.632636092332358,0.597912844190936,0.49083846874359,0.425483101728088,0.376846635979453,0.392929559545614,0.349001576378888,0.535250618599089,0.4635599763306,0.463618610591891,0.45965719184548,0.540372864782385,0.500129254374203,0.581085758539815,0.566215274196107,0.579450424576401,0.550359138010773,0.630995620026552,0.543911547955716,0.436122913695151,0.50587401803233,0.546949478017112
r_0893,0.993574858504613,0.83349024790205,0.805521652783373,0.657587380336087,0.616274360298819,0.433027773451426,0.406906421769482,0.356438245720929,0.379949357385442,0.354288195527555,0.561038585363629,0.515880668044216,0.518613265352023,0.496980711544998,0.568978364052928,0.526958696229711,0.585318110668299,0.578045073583107,0.59416315623198,0.558161034057456,0.609618279706399,0.537525266124433,0.4573412871481,0.514418781136072,0.556463472002039
r_0902,0.747935844043798,0.869200365770234,0.873035716567546,0.863498251381201,0.751993167424546,0.756129744203491,0.717765178224538,0.691831543494843,0.670007607373231,0.679598367833901,0.742622306928654,0.793492060269965,0.808785098864092,0.76955077728203,0.780626203578892,0.539692940162871,0.633408309347485,0.634148205701112,0.69696713331619,0.755003784402695,0.716748672223397,0.698982837616707,0.76223613308815,0.729666021395242,0.842059044180484
r_0908,0.630529197853816,0.61045549007299,0.630637074383303,0.694248062133727,0.811560835022991,0.463729878902252,0.549185324794225,0.556205442337822,0.545605608493398,0.583829131202469,0.516753801891495,0.58887479675547,0.612016283309849,0.716133835197114,0.823974620182671,0.652407484770628,0.784543951518142,0.805304334812673,0.812456025370987,0.865033493505171,0.560782586431415,0.729468098810018,0.767143119234352,0.791599094229876,0.790311440576231
r_0909,0.547238811206337,0.510610705686971,0.531049045078058,0.620841675884253,0.652484013414683,0.34454102361401,0.399339438518285,0.38556068074509,0.424351189235008,0.457668074193253,0.372518826452016,0.446695749717441,0.474825908168878,0.540000737085056,0.530341153709839,0.905843004945899,0.843836237926502,0.883580133255593,0.748085958328344,0.643843709086171,0.454585814088255,0.650464014957858,0.739200779315343,0.664725733651622,0.56916137900081
r_0910,0.547521547374811,0.510020179061148,0.530798983271464,0.620699396678312,0.650022578613165,0.343758462561542,0.398163134061541,0.384322099735428,0.423842722710494,0.457032563575525,0.373117613746977,0.445726010966405,0.473849987034615,0.537811472958202,0.527469855262754,0.907636376065072,0.842682780665076,0.880766089943805,0.744650180204908,0.640403699499406,0.453411066053908,0.648670143813623,0.736548773172136,0.661906698652979,0.566615054316518
r_0911,0.640550613023735,0.616662841422337,0.643732443268938,0.711135364840221,0.827578164019495,0.450774628793755,0.542642454592398,0.541439940578708,0.54129345086754,0.591816300147847,0.518485773479084,0.589055704074516,0.618596235916339,0.739657128416971,0.841475888180919,0.67298338455075,0.786363080723843,0.813934677779643,0.824038415323998,0.891745388100741,0.57930756660384,0.738833369745598,0.769526818912187,0.797044340256132,0.811627949548017
r_0912,0.557869277357808,0.54527796824613,0.566739203114424,0.63429057939728,0.698344434830253,0.354022083784796,0.416642835243442,0.430375439215703,0.461803188977676,0.501659529808693,0.395003846534721,0.47308989448557,0.512627483677011,0.581972841765078,0.657074772829503,0.81622782484438,0.817206873951491,0.857248271500772,0.787950405527527,0.687116435792744,0.490831639501705,0.682893044326938,0.762577990809163,0.701238222846816,0.626579186735724
r_0913,0.573540662574669,0.590747711362776,0.594334350100355,0.646704647746764,0.618459524243799,0.523948292529097,0.536863374746435,0.513016194119597,0.487449370728673,0.488494579526599,0.539617832291885,0.565196045374557,0.554015644689844,0.546054925040007,0.553076639583244,0.72960677031446,0.739424187115154,0.708514880261362,0.667173951056337,0.590054131737885,0.614379943125449,0.734772103669719,0.698995707060226,0.642598755038464,0.553863796806117
r_0914,0.629366693195432,0.601750059535526,0.627508525694101,0.691949270424524,0.843310570534954,0.425927156686961,0.524364761739583,0.517469667626642,0.523978921282772,0.577345630211641,0.512381894158533,0.571360135671895,0.59645291642611,0.741522514825672,0.833682073006132,0.665882761690399,0.782222487214597,0.810269035104237,0.827756153105034,0.909308299126507,0.561144987213738,0.729298005085482,0.750371170409957,0.801158927197443,0.79262020557131
r_0915,0.624230795160115,0.597089711862352,0.625989057111313,0.700292915066281,0.83653065063999,0.41085042873466,0.506756897246863,0.499616136203283,0.510286386119779,0.575677261827114,0.514635104737901,0.577837798957945,0.610444527786011,0.744933592620345,0.835012975517161,0.635356084420823,0.769148371577338,0.789304030752818,0.809678874114262,0.900097948239408,0.571911371146631,0.743256030162024,0.755032154809127,0.804749466019707,0.792358694462491
r_0916,0.828520051476124,0.866545502152114,0.878964661579748,0.878821327519233,0.886828848998469,0.754983072674012,0.775453532241638,0.780481958303139,0.782551596605682,0.774400467673702,0.7980273614713,0.786649283549956,0.765002529816513,0.785340641841673,0.864713849242996,0.797862201452632,0.807067854720322,0.849907330639699,0.895408771426726,0.879847617032483,0.789921871525926,0.791526545445066,0.897465364715623,0.8910995601586,0.895600591030327
r_0917,0.66598703493996,0.582923305894439,0.625605043705972,0.666628721683942,0.634826039888249,0.406263726234399,0.409015089359394,0.386286857438992,0.386626797613644,0.415565865010051,0.400724167926166,0.447541516279195,0.439329346595925,0.447146437205791,0.569006910654381,0.612885154445547,0.610381474953757,0.624261555657326,0.620782351902854,0.620876902557977,0.692014944069392,0.749235161618699,0.702838317749955,0.692732588988844,0.610530433785988
r_0918,0.642789547740168,0.552493765586365,0.590351036879198,0.611298593392598,0.578535290689135,0.370969535334037,0.370004417417333,0.346087329924861,0.343059231846242,0.369556443626656,0.358607021354704,0.401026334823141,0.390781529282794,0.408659533949942,0.509229578306713,0.530412635841092,0.561771912906583,0.580983180809936,0.564469490428164,0.552778528128173,0.635759120101065,0.678024496856099,0.623124953753374,0.614040234311645,0.546711168125602
r_0938,0.573744669277662,0.568819751740993,0.573742280965155,0.596385885096257,0.598943476132036,0.531069441473373,0.558137685836942,0.548034805732874,0.507293158716395,0.506959145344154,0.363786130180586,0.42421131082313,0.442871375551894,0.495931303289751,0.559808066636242,0.803439229661323,0.750156091448488,0.738460185198129,0.681975237434529,0.576016478120014,0.463126564428634,0.642009366370025,0.617195693335523,0.557193162552143,0.533186912358203
r_0939,0.565013063713885,0.560332160240733,0.564919080105949,0.587764067112957,0.590128206649335,0.522050677290531,0.54942861302281,0.539498434986799,0.498905355631522,0.498556649646285,0.356439333608434,0.41653342366374,0.434829308173062,0.487413848108846,0.551084494416672,0.796740604966872,0.74220577042846,0.730980040061573,0.673337074497306,0.567181857507188,0.454864473801341,0.633163184496672,0.608651492851571,0.548809123071506,0.524723657153341
r_0957,0.497972556327488,0.669242559291106,0.64657180920704,0.544688089869386,0.703570206898008,0.263576550335421,0.536621528147666,0.602915451207293,0.60834085886226,0.542683672257609,0.238630638227973,0.559675937112477,0.519254219279628,0.708637974580908,0.543520091545873,0.675934587271264,0.784785798556726,0.777257250899128,0.738248246368326,0.817078352187199,0.535722606180996,0.671851347746284,0.682786247852208,0.781859062982066,0.697186025635133
r_0958,0.540680780244054,0.505040613289581,0.444805122391591,0.478429520286495,0.532870205626859,0.520562205243382,0.549193472578312,0.56564847115853,0.6250931078786,0.604844952997528,0.527719875107359,0.632613247444218,0.676926984741039,0.6093013512221,0.592109726288202,0.637818196046231,0.667765765855241,0.5568478406037,0.530435669040711,0.489279196920678,0.635500040310111,0.7547187225411,0.637062309403933,0.636362378193759,0.62073711047538
r_0959,0.987632940341248,0.897603927477554,0.855966136549201,0.79361904242833,0.816559211817713,0.512279638756272,0.368087530612558,0.383277800646976,0.439624188582204,0.492520247955556,0.951189520291321,0.776418149395475,0.774476071043426,0.775584840124444,0.784405562667754,0.824234212537328,0.783843544400186,0.788226775962659,0.75977526440782,0.756846205866467,0.832726197684639,0.732879146616979,0.686313079458325,0.707983244077328,0.710550989964594
r_0961,0.465562998884404,0.438559063831462,0.395893226056791,0.387148726126519,0.343427842349911,0.612910036947974,0.403560857807119,0.430028224226859,0.378636627936338,0.357757710351907,0.411802077822471,0.336466726766645,0.34213485606825,0.413294847924755,0.355380228316724,0.506899965955964,0.459563676005446,0.415338036877234,0.407258544801893,0.457309791771004,0.428787829510041,0.36915880177338,0.385017637771714,0.356600541665215,0.399652671009559
r_0962,0.661420373185136,0.588517608471366,0.580789870087725,0.498647844041124,0.46687521132668,0.451015380284741,0.39359932143366,0.341516786585501,0.331437239981298,0.367194159652101,0.448515614683029,0.502521855456368,0.453008853284087,0.384581529861153,0.509424948722535,0.402479913229238,0.4117406045321,0.413826426789249,0.424230523415626,0.403608253186454,0.605995811190476,0.609324453193637,0.488718516575162,0.492543876581317,0.478762831797313
r_0970,0.926067544304782,0.929573347005958,0.930939296242657,0.929118341414155,0.918587644796682,0.898425226828942,0.906775499597017,0.905049756273139,0.913488288638471,0.896041415702471,0.90637313248936,0.903995043887508,0.914273480928991,0.904697388407867,0.918774563663999,0.945414225005657,0.942864075296306,0.932666304916993,0.930059653272779,0.910194013772968,0.930738798236535,0.922244513887814,0.884185037592356,0.901611217470717,0.91607670666201
r_0971,0.597556641852059,0.622199315440657,0.634897853975878,0.588387677274927,0.56753733653656,0.519061512993406,0.570196768651482,0.523953495401538,0.399312666918938,0.557887056325139,0.576125153786114,0.552347513825827,0.548706332237273,0.510505150105067,0.579855647773844,0.60539529975984,0.634552446049591,0.539866274772338,0.580617247842388,0.671389140673877,0.645242513873359,0.580421371639967,0.54634257543483,0.573001690226533,0.577138904794324
r_0973,0.592785818211003,0.608131251154845,0.612971241903323,0.565580200430173,0.514050794815476,0.525984340490455,0.528308997722945,0.507707800146917,0.378857241001338,0.54399253417556,0.560724888098288,0.468440446019636,0.517091468696421,0.476152964548658,0.537259318980566,0.542624923562181,0.567097837785382,0.488813572669565,0.512747638983701,0.599232541419524,0.598082444058181,0.553298712841485,0.505069755618308,0.513334152172059,0.513737664672728
r_0982,0.724064280288034,0.658631525405092,0.642694709125802,0.626998802323982,0.599257611726941,0.801598988680794,0.76330993007247,0.728539260355483,0.788663541122698,0.758846973853756,0.780484423004599,0.662768782485842,0.649573127505367,0.564146219516753,0.573326127727158,0.624703674386446,0.564934737239871,0.587072151045215,0.655872327649269,0.662698268942505,0.831844963678594,0.699730676928027,0.670513289748973,0.722922276078283,0.700933304361147
r_0984,0.505356249761382,0.514483157249396,0.488308043293109,0.493466996116803,0.39667589717558,0.681457686769402,0.627131755787149,0.558072312056575,0.542761803072829,0.513837039470093,0.637495418030415,0.48304788684941,0.462094648224213,0.42625710119637,0.425112970134133,0.469797035771824,0.419324945485728,0.409076988576401,0.498945375296545,0.512131178003859,0.812659979397934,0.595369326111179,0.469262632308115,0.569866120568352,0.540672287795365
r_0988,0.573980169965746,0.685331709125562,0.695662178264008,0.789852047257764,0.843792279649983,0.594434101313174,0.761617039998004,0.759413231495755,0.747910750669242,0.80175062120655,0.557988178645108,0.594896127775689,0.609985262459918,0.690026420389991,0.748603953289198,0.837372303815372,0.820120179431528,0.817885436036535,0.784903209579918,0.867828199591614,0.584922488706252,0.754824535757248,0.637439691703984,0.769315501660309,0.751934492760621
r_0989,0.569231823420106,0.678498129253395,0.689413799115668,0.781907984682911,0.834232942390135,0.587824759626453,0.750063837826807,0.750767563701352,0.736802401310343,0.789714704565689,0.552418187943362,0.585037448179647,0.600007894745868,0.678153498477238,0.736884795013184,0.837598989422926,0.817193690598907,0.813894298951006,0.778867248090327,0.85908550456505,0.58031580070529,0.749672539619506,0.634169481120227,0.76224212524354,0.744632464229975
r_0990,0.760047752540482,0.681190001499834,0.680035640456236,0.663861181646408,0.614018185811229,0.48880101704452,0.438577387890706,0.402490195006005,0.379657926419537,0.376674623073535,0.542491587707177,0.447021494690315,0.454517553034007,0.475475877511419,0.540629701275416,0.543951252143483,0.582055798802721,0.586122608019854,0.579595817011473,0.611771455943345,0.556040220429076,0.565082398411111,0.509506660685726,0.539209209525985,0.54549271309548
r_0996,0.529862563054284,0.511070011503677,0.514682223187879,0.52560838664293,0.51870698600346,0.481879940780497,0.496970871242858,0.474664403311662,0.437730553364876,0.431476374459247,0.33774375798229,0.37592045130328,0.385766622979756,0.425268371430472,0.481146450495797,0.689841966605271,0.643005443906283,0.638978681472768,0.590531909957697,0.501991412252189,0.428941082744362,0.580920002215551,0.551349660823055,0.49514610939839,0.468183305039292
r_0997,0.532606783052257,0.516283504958798,0.520656290673239,0.534595060484942,0.530347998857912,0.483088092568454,0.499731889207556,0.48110874878549,0.446406744870239,0.438828479962088,0.339033184727854,0.381153644450559,0.39252036439073,0.43517359193077,0.493538458624886,0.716649372317231,0.664155829629458,0.660286162873274,0.607173064277722,0.512761303786099,0.429872197846123,0.5865003328351,0.566290332075981,0.50633832293711,0.477302991344364
r_1021,0.967841770247393,0.953247927327535,0.942759797886954,0.920306363198936,0.878991476305187,0.970535221114923,0.960531078017168,0.907780368104213,0.84053467948669,0.82664501387942,0.962657534446263,0.992845810253685,0.995951736699463,0.968084192459884,0.95773628795501,0.909871058689532,0.912304777924537,0.918535272047628,0.908703225460483,0.849323451288923,0.89819379214631,0.929453325008377,0.872037906250644,0.888654024708884,0.927065659012152
r_1022,0.21923322988962,0.21486460393769,0.208623540513878,0.170958901284795,0.163469449171977,0.764665812832726,0.591392039526746,0.714189723000748,0.357805541490775,0.274527552663266,0.217549872141526,0.209996025678153,0.219804639299002,0.161027176375678,0.165209149426651,0.166440718757463,0.145014478192337,0.144096063465237,0.139381156223127,0.131922369340784,0.187190943515761,0.205674557315073,0.158638022731726,0.157943473065759,0.16893353835296
r_1026,0.614596008903269,0.543854180385235,0.531741830801379,0.554255545044092,0.451116175181334,0.50055233024603,0.410887946280453,0.414017262543139,0.341423960540858,0.297053469533693,0.614472408130538,0.637226739822035,0.653242800374984,0.499187942941892,0.548791024991138,0.786463503116469,0.675172383752314,0.566582776637609,0.485834184102475,0.362771799263555,0.611296709020446,0.561031149625185,0.274442797988534,0.365166834668342,0.45308310335857
r_1027,0.524792080718188,0.470816584496068,0.474101508719661,0.498563184377446,0.423659930013795,0.520653574277544,0.42338262813898,0.43523263079036,0.360097407842426,0.286096767003975,0.638020222548766,0.6805074999853,0.676799219508548,0.54383850991398,0.57347746355327,0.757093384021958,0.672795077864547,0.551178088046748,0.477728391233609,0.354381206947584,0.597670317360225,0.531805027580035,0.265321605465389,0.358034258222004,0.45459905378109
r_1038,0.854816344736712,0.838611622565628,0.806941510192096,0.834103528543485,0.787263257330096,0.672031649238032,0.740186180165531,0.746591338395198,0.762419865597634,0.787449219235263,0.836592401201082,0.789005956123049,0.813047243337408,0.791792560516858,0.787322600705652,0.793573302273667,0.757431562685176,0.780760987334652,0.77334338216384,0.767595812575396,0.931812429805526,0.8331532748154,0.787562970959686,0.790590140159978,0.790460974345158
r_1041,0.242194291079139,0.378666080096109,0.422304864942143,0.352393926278804,0.426718077057959,0.394890183031238,0.458528628135345,0.485836745098845,0.430098979621376,0.417923880942055,0.355411360402787,0.279046818284614,0.381313077185782,0.330378409673495,0.492337783138506,0.784308762831643,0.650740574994795,0.614222740600891,0.611147902319655,0.464549891832082,0.434929947255363,0.500288743805215,0.640780299062134,0.5473143719675,0.457762956878084
r_1045,0.649500606498706,0.632908749673479,0.670372402258825,0.668092057568549,0.677883615624793,0.550135178479825,0.58071545660864,0.525456675403455,0.394228810969998,0.585811275242386,0.551711786425774,0.544185652441363,0.588442016634445,0.599141645116969,0.663317462005237,0.65326975370493,0.640937388962994,0.655027213444941,0.666621827601215,0.681720598130865,0.694778132057327,0.705917567439406,0.693850049925092,0.690304653453965,0.641903094356306
r_1049,0.512354891260089,0.508707453883567,0.501087073902898,0.524695790648569,0.456815133204928,0.63532717588217,0.594350571423758,0.533457019971875,0.51544038876831,0.493789631080804,0.604806261299511,0.461635286617674,0.44641419679253,0.433263863111297,0.46174543104901,0.604584801121011,0.532698269217962,0.52368196172575,0.565833317286974,0.525235719590203,0.776421915017276,0.602980733979478,0.528857690960624,0.545460767815228,0.532768504396889
r_1050,0.549397738027357,0.542454092391058,0.522057291957722,0.522566385614722,0.43021653824248,0.672795510880535,0.629406095288788,0.558267593820197,0.540902502556974,0.514424013674032,0.640664735688288,0.488384143059623,0.472097159171381,0.448341527403025,0.450163078624562,0.479948132759979,0.435863857435385,0.434553855439524,0.506572723002522,0.52396986625885,0.833533075331772,0.616154884771437,0.503353145663868,0.577570941898029,0.56352074525222
r_1051,0.739511247309059,0.642698136425567,0.531832500455446,0.526328806204553,0.436758705062776,0.673320315784589,0.653742589799967,0.551950534071864,0.601809776228052,0.530986563535729,0.852827266281582,0.687834977581425,0.694298228126839,0.50374350947137,0.472622953312025,0.510146161903764,0.439367290640152,0.387033857309024,0.423259801801566,0.441003413391663,0.838141667386129,0.742131342043281,0.541131401313496,0.496972407630021,0.566787392910644
r_1054,0.99966469567236,0.777555929934202,0.737256936508097,0.61002318618805,0.577572692419803,0.411121280482739,0.360819287002236,0.322267373001641,0.331173074801447,0.302394788181261,0.465521773382156,0.416414353143169,0.417793078716483,0.422489449411549,0.507099607952751,0.459326358707369,0.553929120452648,0.537858342323809,0.548135800406646,0.517908525232512,0.600976877491038,0.520640163729675,0.434160164005932,0.493036279620577,0.518094630943855
r_1055,0.556168003667751,0.561182324553384,0.573829339337116,0.625407586163943,0.633386192026648,0.472833684628962,0.490444264296126,0.47002372282569,0.454114392101052,0.4684021949866,0.50118224121351,0.52490216468348,0.516516629551889,0.542131669290584,0.5667123351989,0.715413272272458,0.741290544145534,0.723614506689088,0.682567467966098,0.615240206459755,0.580377250280426,0.721832088179251,0.696814641619911,0.64925872746148,0.568991333569271
r_1072,0.947516706727904,0.952647900228518,0.997925550404574,0.892007287491632,0.725582230587675,0.685977016150658,0.710975981189586,0.686916587391246,0.607504236300555,0.625583568735163,0.470521081164499,0.52275908446679,0.553114067597551,0.618823853024711,0.674748557198123,0.662511262081574,0.698045848591744,0.712440465253604,0.754499745140123,0.732350544777726,0.956026377289304,0.737475514035513,0.849114184189769,0.743135396958472,0.690562169660638
r_1074,0.88035782493508,0.938396858218211,0.955182298788878,0.959489488577259,0.972754544425541,0.475478064301826,0.743583553349578,0.723181773915856,0.721397950387791,0.849766818416829,0.772434950549866,0.828546901542108,0.80790454258526,0.851920632884887,0.935774361198231,0.826855891689243,0.835874099911711,0.894113417277073,0.928479486265792,0.922460705658409,0.844492027669243,0.852042053654806,0.993777229220556,0.982940255125823,0.990251086179669
r_1084,0.702655886890412,0.593175865889336,0.460765794474558,0.367119566824238,0.356629151235153,0.89856321083641,0.840521563594226,0.695552100871077,0.87442958553148,0.702698020258928,0.842721785929297,0.618796643979495,0.559762105070828,0.355631309688162,0.439741043976425,0.302909827840321,0.276310783207812,0.257507005888077,0.289528306416259,0.282785927557115,0.725385431438467,0.484079922870704,0.324068573290522,0.317253846086733,0.42599602643258
r_1088,0.318753513446767,0.30108852310691,0.31446552203689,0.335961029207781,0.382173840824489,0.269896200742835,0.304739014261934,0.29542623580043,0.295843507004899,0.300875696914872,0.255170517426711,0.240077159764654,0.245076121940594,0.286289970252332,0.332657239135335,0.9552919631889,0.792719776301946,0.748260350834945,0.641696323354347,0.398806352474048,0.25942643708248,0.309686399327602,0.345567939645184,0.321112698025476,0.31015413451546
r_1106,0.715931975498097,0.689743309526981,0.754804378072346,0.814143997813682,0.944094730172404,0.896265900657995,0.809376831348269,0.778262230761158,0.677448719871535,0.669623317410301,0.734804151084968,0.679838247080088,0.688121478631828,0.767874327747804,0.870275224424921,0.678633623290821,0.760166412602773,0.670524669794725,0.845725280866546,0.942858844938907,0.743242473887119,0.720860752210956,0.708641880337787,0.745661161058116,0.900495477093995
r_1115,0.998739551308132,0.998624432418127,0.998650082930958,0.99855922739543,0.998523888760913,0.998532418150406,0.998535846556146,0.998369457549036,0.998459971897447,0.998868703525931,0.130461986017575,0.139562730513718,0.13960841423885,0.172982483728077,0.193970786838692,0.998499241399318,0.998508450691796,0.998466978752314,0.998786349383938,0.998688863871082,0.99929324811747,0.999121840277919,0.998574618194209,0.998883985509918,0.998844253795607
r_1136,0.565856664759161,0.0461172240766883,0.11931509166441,0.0876776624308663,0.0653506009579836,0.225304498923625,0.624432700896791,0.842514823090875,0.0769254832857753,0.0152954450609639,0.308256715630437,0.161606541167381,0.108506154458935,0.0842480018435429,0.0106760582424668,0.026310611844457,0.00335770205941551,0.102355845945576,0.227347330982654,0.0807206320147803,0.0636884380454207,0.0364126264298318,0.12139466297905,0.014712496775021,0.107995138680856
r_1166,0.998125509530999,0.99353009630133,0.993206568192721,0.990182151580442,0.985048692392752,0.181299922020706,0.180846188898208,0.18089260960248,0.180838728808999,0.180558597895271,0.975354909734108,0.973829037060258,0.975598558510886,0.975951771546246,0.978069591981517,0.999983848138487,0.99997467457472,0.99998094077035,0.999979129148859,0.99997310368781,0.990890377253351,0.98847398911859,0.988273920123652,0.98554353869175,0.980917325391206
r_1172,0.998436862673116,0.998268747332363,0.99818413958277,0.998214447718135,0.997940456668895,0.998514485104426,0.998109142358259,0.997899431615885,0.998034178198571,0.997859531068688,0.998265299384712,0.998019143016656,0.997932310275152,0.99778896079853,0.99787286119926,0.999426502731742,0.999247178915325,0.999245659001705,0.99923858887426,0.999252984273995,0.998718968454856,0.998469347813354,0.998058868304799,0.998029549442549,0.998031846719589
r_1211,0,0,0,0,0,0,0,0,0,0,0,0,0,0,0,0.999966320505633,0.939977239316413,0.960372394300323,0.910485758385279,0.552075717076797,0,0,0,0,0
r_1237,0.243278406725602,0.252540054218508,0.314486492753317,0.368738721876637,0.450759666430473,0.327802782897943,0.335657285199904,0.283021722736666,0.249476748884751,0.282347443342369,0.332685332358026,0.358448692385423,0.358344930519756,0.348430824055758,0.410616695070803,0.927758638478515,0.754534743648444,0.728420288866367,0.576239824469852,0.409809314607236,0.399963642744298,0.495250665042776,0.486453596743372,0.436728391236015,0.330136025477436
r_1266,0.656416379251695,0.577793303242,0.564815009629292,0.598321069867112,0.470785374245822,0.725859093161334,0.526617556937067,0.541732800014511,0.422370190063168,0.306681920004856,0.833592402451111,0.861974837937001,0.855984646117629,0.639718501510155,0.652402861008685,0.827888621888919,0.719035910960198,0.589047554323245,0.509260328389592,0.369414683282914,0.72145010191669,0.615844782482434,0.281116525544199,0.391093497599035,0.502379158502738
r_1272,0,0,0,0,0,0,0,0,0,0,0,0,0,0,0,0,0,0,0,0,0.791507712369818,0.801950526898782,0.99912376389034,0.983086381854088,0.994036656655658
r_1574,0.206003772050047,0.220026792442069,0.214574566274422,0.237858199372373,0.25445164057036,0.182987445614799,0.19756925605327,0.180316010470334,0.161122781996153,0.178401610522506,0.150857119910396,0.134628038674975,0.152425690010759,0.175904037015117,0.221008897411399,0.911177836998113,0.672506137217324,0.594165993039183,0.47209281615733,0.282946746734933,0.15712275126768,0.21523281349081,0.218306129531863,0.225542807370412,0.206012383499441
r_1585,0.455523329677431,0.431264101667802,0.438799908538139,0.454717553795131,0.492531269755631,0.428012069816304,0.449198271763476,0.43616510621232,0.410985772815013,0.418432849361564,0.346248298712109,0.322307461348874,0.333973091304572,0.37956989823485,0.451826910448711,0.926660136759768,0.824180503090699,0.775034316586947,0.683840404923561,0.470400782240361,0.328599667467285,0.413482784645897,0.471129572813502,0.422483309575183,0.41060679581637
r_1596,0.47541551787293,0.443338231299194,0.44551717447025,0.460891537516887,0.503541842857604,0.441585842952884,0.462384373918012,0.448161453455088,0.418880021466348,0.423366366200054,0.358931876796329,0.324732203399394,0.33622318570806,0.382451858597131,0.456480267712244,0.973257079997749,0.856413184756392,0.794496036524825,0.699180860691645,0.476703703516374,0.326286542975671,0.412248792158801,0.467439218293388,0.421945324699234,0.413145172548994
r_1632,0.935422938672392,0.869604521463933,0.856407981887779,0.816017623682885,0.840534778981658,0.995153601016308,0.984263185875233,0.936893503667721,0.663722463577155,0.60619250349591,0.805123949212164,0.759249591931753,0.749576776772708,0.747952252114356,0.7931734331244,0.766974904532607,0.792524331729278,0.820775673393344,0.849191163139272,0.803318547540117,0.764900994727058,0.732707893313234,0.712126379504145,0.750300819433709,0.777689922665279
r_1633,0.988890421168869,0.914103277624886,0.874481045239071,0.820897376793347,0.847685382942899,0.552660018026447,0.458825419687213,0.416900052856327,0.476531489289403,0.532293668577966,0.996460043481738,0.822618004942695,0.820962474331011,0.82215999381568,0.826454659043987,0.85305463615023,0.81980649986042,0.81872345917301,0.792110391753662,0.79316864996113,0.867843467868433,0.777393284069545,0.728430746260668,0.751082366374299,0.749582962043104
r_1667,0.435441611614621,0.526000487923309,0.348519937625241,0.517787840554586,0.503708757910419,0.38994558757772,0.503791337310307,0.550078182344525,0.554969045053774,0.533860249250807,0.671728237018986,0.82499415851904,0.914322291987694,0.658215229119126,0.566279374966195,0.527115889536081,0.66109852898347,0.564027883410295,0.564329978660971,0.546981964214347,0.559474909915086,0.58249150767919,0.477957220444937,0.583549505959271,0.520547849496368
r_1748,0.943349490156171,0.942930337004277,0.942549956429174,0.930702572631708,0.894729808826104,0.992251468669365,0.97271571756724,0.940257720148611,0.922994594504859,0.872627325246669,0.938038293389332,0.931813712580171,0.920595725453463,0.905643105583847,0.887647726637956,0.978130853627775,0.947359502272247,0.916386414756453,0.875391665350528,0.879156313942245,0.924377536095596,0.898335446000641,0.904591176520707,0.874951132447527,0.917230126396516
r_1762,0.994790876599504,0.866038631888123,0.857983136445472,0.777029826662409,0.815071981192447,0.694321482157093,0.655856632359692,0.60677382710872,0.472222145055677,0.474435139070517,0.683806265289019,0.712778919937649,0.693072899851244,0.669219695143102,0.761145522478115,0.641588105723862,0.729615138021825,0.770688252276774,0.780770901181473,0.724913724294531,0.564418282443155,0.607868281524766,0.574951398310091,0.660476480624606,0.695803352220572
r_1838,0.505324637956243,0.558724839561277,0.550462598763563,0.589864784857095,0.602142126788008,0.527473500903126,0.6011514223233,0.592551184267814,0.547127865170696,0.566603427312384,0.475431910991221,0.454279419673494,0.460216558375226,0.525472357889491,0.539672034034142,0.747762610350803,0.676184650093106,0.656422011837191,0.627968830111719,0.678726869301863,0.48760494462969,0.585298827970311,0.519567883314148,0.572777683892277,0.576849591400281
r_1887,0.49383536567856,0.665276305769931,0.643239857933977,0.540184028212401,0.700368425049975,0.241527940035815,0.532448723884425,0.59913683655005,0.604971986212081,0.538965871487262,0.220425223990131,0.555431092971035,0.514590888816411,0.706202829239052,0.538881791154185,0.676909788697874,0.783410514534643,0.777038855960204,0.73626389684304,0.81489795839191,0.531004527962849,0.668117089332382,0.679903783970667,0.780350425234078,0.693831379864073
r_1932,0.933456088658752,0.951966383859402,0.957877697737301,0.954152354221635,0.91969795670782,0.950408106218134,0.95447250823967,0.935244557299733,0.937173121951684,0.916589601277842,0.934020263969129,0.962062871572118,0.953506053444367,0.923626257438525,0.9228712972157,0.904069679696425,0.919950218282195,0.90839263911695,0.906157696472424,0.925006514892681,0.854802718385562,0.885420907783432,0.895018164964665,0.891129811203892,0.937690038633774
r_1936,0.820525745832706,0.773603296253237,0.764588497505563,0.738130072576165,0.720533664896578,0.606317418255814,0.575271433469564,0.588535062955063,0.558442625162623,0.548010261857459,0.646191300897327,0.62079729714613,0.624459085627698,0.634508078340478,0.678390599908507,0.666009562238676,0.708166759725875,0.700362357482396,0.700946305948044,0.695523102135292,0.731206217795133,0.70359872275586,0.687582675704105,0.691674492943759,0.69248202184785
r_2034,0.50335145890042,0.457742099376524,0.413175512307335,0.397384067784081,0.360870058934442,0.621631554633411,0.410831485076595,0.407808977826617,0.374191192714131,0.355955993107427,0.43364549415123,0.354330026448263,0.35296323436133,0.428866002688354,0.395426415188902,0.684997240296155,0.581959479317484,0.530215206458807,0.501082363579539,0.448271770809269,0.426427081213484,0.41387674776169,0.406394723658292,0.365605710520555,0.40875890825198
r_2057,0.888616849394278,0.867661546640372,0.855865549325047,0.822588882707709,0.779418355669697,0.896881464700313,0.871762378657966,0.823469644451764,0.744033950409027,0.712080253123268,0.854319767313447,0.892543805165411,0.905014677158728,0.868932651573775,0.853311552342756,0.827639062231479,0.82173811336036,0.829038570588732,0.807239784002703,0.740610593448705,0.792748887084998,0.838103072475778,0.770365891195238,0.801810448232575,0.804998914687493
r_2093,0.305035927142591,0.289942250657501,0.303614769314576,0.322506522021438,0.359386121173177,0.261608614405847,0.293984982587005,0.284653864407999,0.284405072663049,0.292039470431189,0.243089573550391,0.227580722039331,0.233635214722651,0.271468010112065,0.31201678670479,0.993561723016634,0.828890654326697,0.757875708717496,0.637683355974185,0.377160685077173,0.247502701557609,0.292981904604388,0.339414782275391,0.302253583304279,0.289198701399409
r_2115,0.88722737334734,0.691023922551997,0.687635118270631,0.585080110881666,0.626626518550707,0.824119012790815,0.78749584203044,0.680338767401397,0.337874245834723,0.302130185367896,0.491431544239606,0.493876222888744,0.481197554840457,0.466132489041412,0.54250102556449,0.451498410662482,0.514786894686063,0.57190267945299,0.622639620557302,0.532019267540477,0.339605727061039,0.422509316612735,0.396921612352248,0.454473255683929,0.50166982033687
r_2132,0.503832326267973,0.611001788155197,0.60270081351635,0.698317351992038,0.741374705892452,0.469147169140612,0.678680610546239,0.676218512689227,0.768806050821259,0.667672487538186,0.480618088685356,0.618207023101948,0.649442286547903,0.792728812757156,0.728481319903956,0.530678608164738,0.604571206852215,0.72400888207598,0.674730476917324,0.832261345581444,0.537889450136054,0.478232137219142,0.286942521336911,0.582470797142344,0.690222346052329
r_2140,0.546043939681499,0.586153612216572,0.517466338922861,0.51658664359814,0.491970074739192,0.715378302392894,0.713857658741345,0.675476097576727,0.641035682839626,0.627127327173065,0.681175256964899,0.824932653336158,0.895996369859448,0.629091181488748,0.543175860249271,0.589752047709125,0.599428984183635,0.493944854856433,0.471276029939667,0.481216977161991,0.644072149112672,0.586116933041193,0.384074230223459,0.491082609084262,0.501636033565015
r_2141,0.543259360371836,0.582588005252993,0.513198676431716,0.51246149422556,0.488085772699349,0.712179169774741,0.7107341009862,0.671597152762776,0.637718983296008,0.623932229613586,0.681213578659329,0.824200072863319,0.896017650147235,0.625620552673154,0.539347061307213,0.589733173992347,0.598134539590626,0.491039134846407,0.467924961239758,0.477423005339867,0.639041742780007,0.582608899360652,0.380177798904419,0.487229836785109,0.496418153729656
r_2182,0.631922538764292,0.69401501914887,0.604737834706998,0.601733331425011,0.56949218630204,0.861786609309377,0.881650618251699,0.825766810027291,0.77846119869896,0.759534468134393,0.766475208247155,0.903535203797352,0.917888157435459,0.695470813201371,0.640588843083113,0.680676618955509,0.637439270294827,0.562516372522567,0.537634832775406,0.553276667519245,0.799726051689333,0.698529583819799,0.43478013154069,0.568206668662759,0.589556277757757
r_2183,0.791620832815836,0.763308464876271,0.764573890346519,0.766561976257403,0.761951613934147,0.900476361187751,0.887189807730131,0.854751234772958,0.858178448330628,0.848602722079434,0.867770203714729,0.914127665022411,0.924285879469461,0.833166823318286,0.788868669765625,0.80317763678887,0.811739902118882,0.752445893778428,0.722327668150015,0.733240641785771,0.803945730993495,0.803634648368318,0.644852566378567,0.750371021447416,0.740738728143736
r_2197,0.879724401430123,0.850042009883411,0.717482721998923,0.705552772108987,0.852922992460082,0.973986325221785,0.895345504197397,0.818915193392562,0.693114552914108,0.739972384371485,0.881998416365448,0.964940492656166,0.987477555176117,0.81543019595952,0.805541072473069,0.914009652703666,0.887436382685845,0.879477762873421,0.842973438325664,0.847600520035197,0.99636865615028,0.987140281110164,0.958012264817215,0.912798557523961,0.907519216226827
r_2199,0.876051174533767,0.844789780906532,0.708546404651064,0.696366035264707,0.848517926123947,0.973250291270053,0.891058674580111,0.812013944416586,0.683091405330149,0.731063829195895,0.877803312172523,0.963654529262158,0.987220768543774,0.808922277728036,0.798979939686775,0.911823220096624,0.884147821244643,0.876333431391892,0.838496758600143,0.843125212650036,0.996902487919068,0.987961290805028,0.959904135287756,0.910948652447846,0.905081258169031
r_3511,0.989015163049733,0.986338240237992,0.985907496287809,0.985550876033848,0.985412176055453,0.987951104270283,0.990763244621498,0.987763346233063,0.987655135628069,0.987073705524875,0.989684653745948,0.99620336425379,0.996850918044936,0.986189524935077,0.985693698022375,0.993797314801938,0.990955848010181,0.992324896058559,0.987536717275233,0.987527142241367,0.998147524864882,0.998691632270313,0.99544849908289,0.99436693247746,0.990821300552848
r_3513,0.988600352226135,0.98750533101319,0.987113617863559,0.986831887960414,0.986696842409774,0.993990564289469,0.990055225019554,0.988696464237544,0.98866142008374,0.988135638544394,0.988892038993571,0.994954786227382,0.995927541881571,0.9872813323941,0.986860326467972,0.991846886476438,0.989444387738875,0.989047811167803,0.986686242237589,0.986538892412829,0.999235115595597,0.996730299522269,0.994953230654526,0.991693925953765,0.991229828242241
r_3519,0.886579539034673,0.869791213804252,0.793227327015139,0.785683625584054,0.873228260602867,0.976168249563088,0.896509825091903,0.851219391394588,0.775847986434391,0.805596617310377,0.886068502043742,0.966452880482395,0.988985905166037,0.850602240537929,0.845697819689908,0.920557334289308,0.894261175618151,0.898098952818636,0.86847089609024,0.870658496579569,1,0.99371167562651,0.976485891516173,0.922338882456713,0.91580113145871
r_3526,0.997841738578897,0.997841738578897,0.997841738578897,0.997841738578897,0.997841738578897,0.997841738578897,0.997841738578897,0.997841738578897,0.997841738578897,0.997841738578897,0.997841738578897,0.997841738578897,0.997841738578897,0.997841738578897,0.997841738578897,0.999999999999999,0.999999999999999,1,0.999999999999999,1,0.997841738578898,0.997841738578897,0.997841738578898,0.997841738578897,0.997841738578895
r_3532,0.997841738578895,0.997841738578898,0.997841738578895,0.997841738578898,0.997841738578895,0.997841738578898,0.997841738578895,0.997841738578898,0.997841738578895,0.997841738578898,0.997841738578895,0.997841738578898,0.997841738578895,0.997841738578898,0.997841738578898,1,0.999999999999998,1,0.999999999999998,1,0.997841738578897,0.997841738578901,0.997841738578897,0.997841738578901,0.997841738578898
r_3533,0.997841738578896,0.997841738578898,0.997841738578896,0.997841738578898,0.997841738578896,0.997841738578898,0.997841738578896,0.997841738578898,0.997841738578896,0.997841738578898,0.997841738578896,0.997841738578898,0.997841738578896,0.997841738578898,0.997841738578898,0.999999999999999,1,1,1,1,0.997841738578895,0.997841738578897,0.997841738578895,0.997841738578897,0.997841738578897
r_4039,0.427687048521618,0.378100720403433,0.322606680344183,0.243202923390901,0.186611688242163,0.575766973198706,0.501980720360109,0.612204311068785,0.665922569499503,0.485546003487174,0.358374062609355,0.28742901210739,0.286779639823823,0.218221602352769,0.199513108967028,0.281854263240408,0.185373848564583,0.197767332489077,0.183287265900551,0.188334227067371,0.328444908785275,0.333218081266404,0.245148353561058,0.242766543365695,0.223755087904387
cstm_PPK,0.977041105546755,0.90275250940617,0.926436560074385,0.855222170275193,0.763375916991866,0.106080339291078,0.150725663116987,0.139212833204569,0.207108402666662,0.186460013713998,0.226574159334983,0.257488915833638,0.260587224039876,0.45684682532102,0.507781508197965,0.350848281100055,0.198135868393656,0.232634375268448,0.223514435983414,0.223897778920929,0.225626342031884,0.200572921606848,0.276532277642363,0.277469538514337,0.315899989516813
cstm_s_1269_TCE,0.139830118904223,0.173738591136984,0.181260380940028,0.184358015133774,0.14546550125387,0.200937125610033,0.176112324646684,0.0490286416285836,0.129727311307579,0.115293141503186,0.122873853709287,0.0312634257475582,0.133227342610439,0.237065035056553,0.141097717331347,0.104054161025461,0.123779237161597,0.11832464620621,0.142069125060245,0.128166205820512,0.452288361136223,0.488359227780169,0.410155803979524,0.51240747263394,0.345414950542787
